title,writers,text,year,neg,neu,pos,compound
Future Legend,David Bowie,"And in the death, As the last few corpses lay rotting on the slimy Thoroughfare, The shutters lifted in inches in Temperance Building, High on Poacher's Hill. And red, mutant, eyes gaze down on Hunger City. No more big wheels.[SEP*] Fleas the size of rats sucked on rats the size of cats, And ten thousand peoploids split into small tribes, Coveting the highest of the sterile skyscrapers, Like packs of dogs assaulting the glass fronts of Love-Me Avenue. Ripping and rewrapping mink and shiny silver fox, now leg-warmers. Family badge of sapphire and cracked emerald. [SEP*] Any day now, The year of the Diamond Dogs. ""This ain't Rock'n'Roll, This is Genocide.""",1974,0.118,0.842,0.04,-0.8591
American Land,Bruce Springsteen,"What is this land America, so many travel there I'm going now while I'm still young, my darling meet me there Wish me luck my lovely, I'll send for you when I can And we'll make our home in the American land[SEP*] Over there the women wear silk and satin to their knees Children dear, the sweets, I hear, are growing on the trees Gold comes rushing out the rivers straight into your hands If you make your home in the American land[SEP*] There's diamonds in the sidewalk, there's gutters lined in song Dear I hear that beer flows through the faucets all night long There's treasure for the taking, for any hard working man Who'll make his home in the American land[SEP*] I docked at Ellis Island in the city of light and spire Wandered to the valley of red-hot steel and fire Made the steel that built the cities with the sweat of our two hands We made our home in the American land[SEP*] There's diamonds in the sidewalk, there's gutters lined in song Dear I hear that beer flows through the faucets all night long There's treasure for the taking, for any hard working man Who will make his home in the American land[SEP*] The McNicholas, the Posalski's, the Smiths, Zerillis too The Blacks, the Irish, Italians, the Germans and the Jews Come across the water a thousand miles from home With nothin' in their bellies but the fire down below[SEP*] They died building the railroads, worked to bones and skin Died in the fields and factories, names scattered in the wind Died to get here a hundred years ago, they're dyin' now The hands that built the country we're always trying to keep down[SEP*] There's diamonds in the sidewalk, there's gutters lined in song Dear I hear that beer flows through the faucets all night long There's treasure for the taking, for any hard working man[SEP*] Who'll make his home in the American land Who'll make his home in the American land Who'll make his home in the American land",2006,0.064,0.858,0.077,-0.2846
Maybe Someday,Bob Dylan,"Maybe someday you'll be satisfied When you've lost everything you'll have nothing left to hide When you're through running over things like you're walking 'cross the tracks Maybe you'll beg me like a dog to take you back Maybe someday you'll find out everybody's somebody's fool Maybe then you'll realize what it would have taken to keep me cool Maybe someday when you're by yourself alone You'll know the love that I had for you was never my own[SEP*] Maybe someday you'll have nowhere to turn You'll look back and wonder 'bout the bridges you have burned You'll look back sometime when the lights grow dim And you'll see you look much better with me than you do with him Through hostile cities and unfriendly towns Thirty pieces of silver, no money down Maybe someday, you will understand That something for nothing is everybody's plan[SEP*] Maybe someday you'll remember what you fell When there was blood on the moon in the cotton belt When both of us, baby, were going though some sort of a test Neither one of us could do what we do best I should have known better, baby, I should have called your bluff I guess I was too off the handle, not sentimental enough Maybe someday, you'll believe me when I say That I wanted you, baby, in every kind of way[SEP*] Maybe someday you'll hear a voice from on high Sayin' ""For whose sake did you live, for whose sake did you die?"" Forgive me, baby, for what I didn't do For not breakin' down no bedroom door to get at you Always was a sucker for the right cross Never wanted to go home 'til the last cent was lost Maybe someday you will look back and see That I made it so easy for you to follow me[SEP*] Maybe someday there'll be nothing to tell But I'm just as happy as you, baby, I just can't say it so well Never slumbered or slept or waited for lightning to strike There's no excuse for you to say that we don't think alike You said you were going' to Frisco, stay a couple of months I always liked San Francisco, I was there for a party once Maybe someday you'll see that it's true There was no greater love than what I had for you",1986,0.059,0.818,0.123,0.9833
Big Brother,David Bowie,"Don't talk of dust and roses Or should we powder our noses? Don't live for last year's capers Give me steel, give me steel, give me pulsars unreal[SEP*] He'll build a glass asylum With just a hint of mayhem He'll build a better whirlpool We'll be living from sin Then we can really begin[SEP*] Please saviour, saviour, show us Hear me, I'm graphically yours Someone to claim us, someone to follow Someone to shame us, some brave Apollo Someone to fool us, someone like you We want you, Big Brother, Big Brother[SEP*] I know you think you're awful square But you made everyone and you've been everywhere Lord, I'd take an overdose if you knew what's going down[SEP*] Someone to claim us, someone to follow Someone to shame us, some brave Apollo Someone to fool us, someone like you Someone to claim us, someone to follow Someone to shame us, some brave Apollo Someone to fool, someone like you[SEP*] Someone to claim us, someone to follow Someone to shame us, some brave Apollo Someone to fool, someone like you We want you, Big Brother",1974,0.144,0.705,0.151,-0.1182
Waitin' on a Sunny Day,Bruce Springsteen,"It's raining But there ain't a cloud in the sky Must have been a tear from your eye Everything will be okay[SEP*] It's funny I thought I felt a sweet summer breeze Must've been you sighing so deep Don't worry, we're gonna find a way[SEP*] I'm waitin' Waitin' on a sunny day Gonna chase the clouds away Yeah, I'm waitin' on a sunny day[SEP*] Without you I'm working with the rain falling down I'm half a party in a one dog town I need you to chase these blues away[SEP*] Without you I'm a drummer, girl, that can't keep a beat Ice cream truck on a deserted street I hope that you're coming to stay[SEP*] I'm waitin' Waitin' on a sunny day Gonna chase the clouds away Waitin' on a sunny day[SEP*] Hard times Baby, well, they come to us all Sure as the ticking of the clock on the wall Sure as the turning of the night into day[SEP*] Your smile, girl Brings the morning light to my eyes Lifts away the blues when I rise I hope that you're coming to stay[SEP*] 'Cause I'm waitin' Waitin' on a sunny day Gonna chase the clouds away Waitin' on a sunny day[SEP*]",2002,0.015,0.712,0.273,0.9958
True Love Tends to Forget,Bob Dylan,"I'm getting weary looking in my baby's eyes When she's near me she's so hard to recognize. I finally realize there's no room for regret, True love, true love, true love tends to forget.[SEP*] Hold me, baby be near, You told me that you'd be sincere. Every day of the year's like playin' Russian roulette, True love, true love, true love tends to forget.[SEP*] I was lyin' down in the reeds without any oxygen I saw you in the wilderness among the men. Saw you drift into infinity and come back again All you got to do is wait and I'll tell you when.[SEP*] You're a tearjerker, baby, but I'm under your spell, You're a hard worker, baby, and I know you well. But this weekend in hell is making me sweat, True love, true love, true love tends to forget, True love, true love, true love tends to forget.[SEP*] I was lyin' down in the reeds without any oxygen I saw you in the wilderness among the men. Saw you drift into infinity and come back again All you got to do is wait and I'll tell you when.[SEP*] You belong to me, baby, without any doubt, Don't forsake me, baby, don't sell me out. Don't keep me knockin' about from Mexico to Tibet, True love, true love, true love tends to forget.",1978,0.079,0.539,0.382,0.9986
Blinded by the Light,Bruce Springsteen,"Blinded by the light Revved up like a deuce, another runner in the night Blinded by the light Revved up like a deuce, another runner in the night Blinded by the light Revved up like a deuce, another runner in the night[SEP*] Madman drummers bummers, Indians in the summer with a teenage diplomat In the dumps with the mumps as the adolescent pumps His way into his hat With a boulder on my shoulder, feelin' kinda older I tripped the merry-go-round With this very unpleasin' sneezin' and wheezin' The calliope crashed to the ground The calliope crashed to the ground[SEP*] But she was blinded by the light Revved up like a deuce, another runner in the night Blinded by the light Revved up like a deuce, another runner in the night Blinded by the light Revved up like a deuce, another runner in the night Blinded by the light Revved up like a deuce, another runner in the night[SEP*] Some silicone sister with a manager mister Told me I got what it takes She said, ""I'll turn you on, sonny, to something strong Play the song with the funky break"" And go-kart Mozart was checkin' out the weather chart To see if it was safe outside And little Early-Pearly came by in his curly-wurly And asked me if I needed a ride Asked me if I needed a ride[SEP*] But she was blinded by the light Revved up like a deuce, another runner in the night Blinded by the light She got down but she never got tired She's gonna make it through the night She's gonna make it through the night[SEP*] But mama, that's where the fun is But mama, that's where the fun is Mama always told me not to look into the eyes of the sun But mama, that's where the fun is[SEP*] Some brimstone baritone anticyclone rolling stone Preacher from the east Says, ""Dethrone the dictaphone, hit it in it's funny bone That's where they expect it least"" And some new-mown chaperone was standin' in the corner Watchin' the young girls dance And some fresh-sown moonstone was messin' with his frozen zone Remindin' him of romance[SEP*] The calliope crashed to the ground But she was blinded by the light Revved up like a deuce, another runner in the night Blinded by the light Revved up like a deuce, another runner in the night[SEP*] Blinded by the light (madman drummers bummers, Indians in the summer) Revved up like a deuce, another runner in the night (with a teenage diplomat) Blinded by the light (in the dumps with the mumps as the adolescent pumps) Revved up like a deuce, another runner in the night (his way into his hat) Blinded by the light (with a boulder on my shoulder, feelin' kinda older) Revved up like a deuce, another runner in the night (I tripped the merry-go-round) Blinded by the light (with this very unpleasin' sneezin' and wheezin') Revved up like a deuce, another runner in the night (the calliope crashed to the ground) Blinded by the light (now Scott with a slingshot finally found a tender spot) Revved up like a deuce, another runner in the night (and throws his lover in the sand) Blinded by the light (and some bloodshot forget-me-not said daddy's within earshot) Revved up like a deuce, another runner in the night (save the buckshot, turn up the band) Blinded by the light (some silicone sister with a manager mister) Revved up like a deuce, another runner in the night (told me I got what it takes) Blinded by the light (she said, ""I'll turn you on, sonny, to something strong"")[SEP*] She got down, but she never got tired She's gonna make it through the night",1973,0.011,0.845,0.145,0.9982
Take It Away,Paul McCartney,"Take it away Want to hear you play Till the lights go down Take it away Don't you want to stay Till there's no one else around?[SEP*] Take it away Want to hear you play Till the lights go down Take it away Don't you want to stay Till there's no one else around?[SEP*] Lonely driver Out on the road With a hundred miles to go Sole survivor Carrying the load Switches on his radio[SEP*] Take it away Want to hear you play Till the lights go down (down down) Take it away Don't you want to stay Till there's no one else around?[SEP*] Take it away Want to hear you play Till the lights go down (down down) Take it away Don't you want to stay Till there's no one else around?[SEP*] In the audience Watching the show With a paper in his hand (In his hand, in his hand) Some important impresario Has a message for the band[SEP*] Oh Take it away Want to hear you play Till the lights go down (down down) Take it away Don't you want to stay Till there's no one else around?[SEP*] You never know who may be Listening to you Never know who may be Listening to you You never know who may be Listening to you Take it away, take it away[SEP*] After hours Late in the bar By a darkened corner seat Faded flowers wait in the jar Till the evening is complete",1982,0.074,0.812,0.114,0.8898
Stolen Car,Bruce Springsteen,"Well I found me a little girl and I settled down In a pretty little house, in a pretty little town We got married and promised never to part Then little by little we drifted from each other's hearts[SEP*] Now I'm driving a stolen car on a pitch-black night And I'm doing my best to make it through Well I'm just sitting down here at the Stanton light I wanna get caught but I never do[SEP*] At first I thought it was just restlessness That would fade as time went by and our love grew deep But in the end it was something more, I guess That tore us apart and made us weep[SEP*] And I'm driving a stolen car waiting on that little red light I keep telling myself everything's gonna be alright But I ride by night and I travel in fear That in this darkness I might just disappear[SEP*] She asked if I remembered the letters I wrote When our love was young and we were bold She said last night she read those letters And they made her feel a hundred years old[SEP*] There's a river that runs by that little town Down into the sea It was there in the shade I laid my body down As she flowed on so effortlessly[SEP*] Now there's a party tonight out at County Line There'll be dancing down at Seven Trees From these banks I can see those party lights shine Maybe she's there, maybe she's looking for me[SEP*] Last night I dreamed I made the call I swore to return and stay forevermore Once again we stood on the wedding steps at Victory Hall And walked arm in arm through the chapel door[SEP*] I can remember how good I felt inside When the preacher said ""Son, you may kiss the bride"" But as I leaned over to touch her pretty lips I felt it all slip away through my fingertips[SEP*] And I'm driving a stolen car through a pitch-black night I keep telling myself everything's gonna be alright But I ride by night and I travel in fear No matter what I do or where I drive Nobody ever sees me when I ride by",1980,0.09,0.777,0.133,0.927
The World Tonight,Paul McCartney,"I saw you sitting in the center of a circle Everybody, everybody wanted something from you I saw you sitting[SEP*] I saw you swaying to the rhythm of the music Caught you praying, caught you playing with the voice inside you I saw you swaying there[SEP*] I don't know what you want to be I go back so far, he's in front of me I don't care what you're gonna say As long as the people say, ""Hey, hey, hey""[SEP*] I can see the future I can see the world tonight Love will make me happy And the future bright[SEP*] I saw you sitting at the center of an earthquake Saw you shaking, saw you shaking with the world around you You sitting there[SEP*] I don't know what you want to be I go back so far, he's in front of me I don't care what you're gonna say As long as the people say, ""Hey, hey, hey""[SEP*] I can see the future I can see the world tonight",1997,0.051,0.843,0.105,0.842
Heathen,David Bowie,"Steel on the skyline Sky made of glass Made for a real world All things must pass [SEP*] Oo-o Waiting for something Looking for someone Is there no reason? Have I stared too long? [SEP*] Oo-o, Oo-o You say you'll leave me And when the sun is low And the rays high I can see it now I can feel it die [SEP*]",2002,0.158,0.842,0.0,-0.8299
Backstreets,Bruce Springsteen,"One soft infested summer, me and Terry became friends Trying in vain to breathe the fire we was born in Catching rides to the outskirts, tying faith between our teeth Sleeping in that old abandoned beach house, getting wasted in the heat [SEP*] And hiding on the backstreets Hiding on the backstreets With a love so hard and filled with defeat Running for our lives at night on them backstreets [SEP*] Slow dancing in the dark on the beach at Stockton's Wing Where desperate lovers park, we sat with the last of the Duke Street Kings Huddled in our cars, waiting for the bells that ring In the deep heart of the night they set us loose of everything [SEP*] To go running on the backstreets Running on the backstreets Terry, you swore we'd live forever Taking it on them backstreets together [SEP*] Endless juke joints and Valentino drag Where famous dancers scraped the tears up off the street, dressed down in rags Running into the darkness, some hurt bad, some really dying At night sometimes it seemed you could hear the whole damn city crying [SEP*] Blame it on the lies that killed us, blame it on the truth that ran us down You can blame it all on me, Terry, it don't matter to me now When the breakdown hit at midnight, there was nothing to say But I hated him, and I hated you when you went away [SEP*] Laying here in the dark, you're like an angel on my chest Just another tramp of hearts crying tears of faithlessness Remember all the movies, Terry, we'd go see Trying to learn to walk like the heroes we thought we had to be [SEP*] And after all this time, to find we're just like all the rest Stranded in the park and forced to confess To hiding on the backstreets Hiding on the backstreets [SEP*] Where we swore forever friends On the backstreets until the end Hiding on the backstreets Hiding on the backstreets Hiding on the backstreets",1975,0.205,0.722,0.073,-0.9907
Getting Closer,Paul McCartney,"Say You Don't Love Him, My Salamander. Why Do You Need Him? Oh No, Don't Answer, Oh No. I'm Getting Closer, I'm Getting Closer To Your Heart. [SEP*] Keeping Ahead Of The Rain On The Road, Watching My Windscreen Wipers. Radio Play Me A Danceable Ode, Cattle Beware Of Snipers. [SEP*] When Will You See Me, My Salamander? Now Don't Try To Tell Me Oh No, Don't Answer, Oh No. [SEP*] Hitting The Chisel And Making A Joint, Glueing My Fingers Together. Radio Play Me A Song With A Point, Sailor Beware Of Weather. [SEP*] I'm Getting Closer, My Salamander. Well When Will We Be There? Ah No, Don't Answer, Oh No.",1979,0.145,0.797,0.058,-0.8484
Pay in Blood,Bob Dylan,"Well, I'm grindin' my life out, steady and sure Nothin' more wretched than what I must endure I'm drenched in the light that shines from the sun I could stone you to death for the wrongs that you done[SEP*] Sooner or later, you make a mistake I put you in a chain that you never will break Legs and arms and body and bone I pay in blood but not my own[SEP*] Night after night, day after day They strip your useless hopes away The more I take, the more I give The more I die, the more I live[SEP*] I got somethin' in my pocket make your eyeballs swim I got dogs could tear you limb from limb I'm circlin' around the Southern Zone I pay in blood but not my own[SEP*] A low cards are what I've got But I'll play this hand whether I like it or not I'm sworn to uphold the laws of God You can put me out in front of a firin' squad[SEP*] I been out and around with the risin' men Just like you, my handsome friend My head's so hard, must be made of stone I pay in blood but not my own[SEP*] Another politician comin' out the abyss Another angry beggar blowin' you a kiss You got the same eyes that your mother does If only you could prove who your father was[SEP*] Someone must of slipped a drug in yer wine You gulped it down and you cross the line Man can't live by bread alone I pay in blood but not my own[SEP*] How I made it back home? Nobody knows Or how I survived so many blows? I been through hell, what good did it do? You bastard! I'm suppose to respect you![SEP*] I'll give you justice, I'll fathom your purse Show me your moral that you reversed I hear me holler, I hear me moan I pay in blood but not my own[SEP*] You get your lover in the bed Come here, I'll break your lousy head Our nation must be saved and freed You been accused of murder, how do you plead?[SEP*] This is how I spend my days I came to bury, not to raise I'll drink my fill and sleep alone I play in blood but not my own",2012,0.134,0.704,0.162,0.9501
As the World Falls Down,David Bowie,There's such a sad love Deep in your eyes a kind of pale jewel Open and closed Within your eyes I'll place the sky Within your eyes [SEP*] There's such a fooled heart Beatin' so fast In search of new dreams A love that will last Within your heart I'll place the moon Within your heart [SEP*] As the pain sweeps through Makes no sense for you Every thrill is gone Wasn't too much fun at all But I'll be there for you-ou-ou As the world falls down Falling [SEP*] As the world falls down Falling Falling in love [SEP*] I'll paint you mornings of gold I'll spin you Valentine evenings though we're strangers 'til now We're choosing the path Between the stars I'll leave my love Between the stars [SEP*] As the pain sweeps through Makes no sense for you Every thrill is gone Wasn't too much fun at all But I'll be there for you-ou-ou As the world falls down Falling [SEP*] As the world falls down Falling Falling [SEP*] As the world falls down Falling Falling Falling Falling in love [SEP*] As the world falls down Falling Falling Falling Falling in love [SEP*] As the world falls down Makes no sense at all Makes no sense to fall Falling [SEP*] As the world falls down Falling Falling Falling in love [SEP*] As the world falls down Falling Falling Falling in love,1986,0.231,0.602,0.167,0.3707
Summer Days,Bob Dylan,"Summer days, summer nights are gone Summer days and the summer nights are gone I know a place where there's still somethin' going on[SEP*] I got a house on a hill, I got hogs all out on in the mud I got a house on a hill, I got hogs out lying in the mud I Got a long haired woman, she got royal Indian blood[SEP*] Everybody get ready, lift up your glasses and sing Everybody get ready to lift up your glasses and sing Well, I'm standin' on the table, I'm proposing a toast to the king[SEP*] Well I'm drivin' in the flats in a Cadillac car The girls all say, ""You're a worn out star"" My pockets are loaded and I'm spending every dime How can you say you love someone else when you know it's me all the time?[SEP*] Well, the fog's so thick you can't spy the land The fog is so thick that you can't even spy the land What good are you anyway, if you can't stand up to some old businessman?[SEP*] Wedding bells ringin', the choir is beginning to sing Yes, the wedding bells are ringing and the choir is beginning to sing What looks good in the day, at night is another thing[SEP*] She's looking into my eyes, she's holding my hand She's looking into my eyes, she's holding my hand She says, ""You can't repeat the past, "" I say, ""You can't? What do you mean, you can't, of course you can!""[SEP*] Where do you come from? Where do you go? Sorry that's nothin' you would need to know Well, my back has been to the wall for so long, it seems like it's stuck Why don't you break my heart one more time just for good luck[SEP*] I got eight carburetors, boys I'm using 'em all Well, I got eight carburetors and boys, I'm using 'em all I'm short on gas, my motor's starting to stall[SEP*] My dogs are barking, there must be someone around My dogs are barking, there must be someone around I got my hammer ringin', pretty baby, but the nails ain't goin' down[SEP*] You got something to say, speak or hold your peace Well, you got something to say, speak now or hold your peace If it's information you want you can go get it from the police[SEP*] Politician got on his jogging shoes He must be running for office, got no time to lose He been suckin' the blood out of the genius of generosity You been rolling your eyes, you been teasing me[SEP*] Standing by God's river, my soul is beginnin' to shake Standing by God's river, my soul is beginnin' to shake I'm countin' on you love, to give me a break[SEP*] Well, I'm leaving in the morning as soon as the dark clouds lift Yes, I'm leaving in the morning just as soon as the dark clouds lift Gonna break in the roof, set fire to the place as a parting gift[SEP*] Summer days, summer nights are gone Summer days, summer nights are gone I know a place where there's still somethin' going on",2001,0.042,0.837,0.121,0.9911
Someday Baby,Bob Dylan,"I don't care what you do, I don't care what you say I don't care where you go or how long you stay Someday baby, you ain't gonna worry po' me any more[SEP*] Well you take my money and you turn it out You fill me up with nothin' but self doubt Someday baby, you ain't gonna worry po' me any more[SEP*] When I was young, driving was my crave You drive me so hard, almost to the grave Someday baby, you ain't gonna worry po' me any more[SEP*] I'm so hard pressed, my mind tied up in knots I keep recycling the same old thoughts Someday baby, you ain't gonna worry po' me any more[SEP*] So many good things in life that I overlooked I don't know what to do now, you got me so hooked Someday baby, you ain't gonna worry po' me any more[SEP*] Well, I don't want to brag, but I'm gonna wring your neck When all else fails I'll make it a matter of self respect Someday baby, you ain't gonna worry po' me any more[SEP*] You can take your clothes put 'em in a sack You goin' down the road, baby and you can't come back Someday baby, you ain't gonna worry po' me any more[SEP*] I tried to be friendly, I tried to be kind I'm gonna drive you from your home, just like I was driven from mine Someday baby, you ain't gonna worry po' me any more[SEP*] Living this way ain't a natural thing to do Why was I born to love you? Someday baby, you ain't gonna worry po' me any more",2006,0.076,0.65,0.274,0.9971
Somebody Who Cares,Paul McCartney,"When your body is coming apart at the seams And the whole thing's feeling low You're convincing yourself That there's nobody there, I know I know how you feel [SEP*] Like somebody has taken the wheels off your car When you had somewhere to go Well, it's annoying Not going to get very far, I know [SEP*] But somebody cares There's always someone, somewhere, you should know by now Always somebody who cares [SEP*] It's happening day in, day out Well, you know by now Always somebody who cares And if you don't know it, how will it find you? How will we know your whereabouts? [SEP*] But I know how you feel I know how you feel [SEP*] Like somebody has taken the wheels off your car When you had somewhere to go Well, it's frustrating Not going to get very far, I know [SEP*] But somebody cares There's always someone, somewhere, you should know by now Always somebody who cares [SEP*] It's happening day in, day out Well, you know by now Always somebody who cares And if you don't know it, how will it find you? How will we know your whereabouts? [SEP*] But I know how you feel [SEP*]",1982,0.033,0.773,0.194,0.9875
Bobby Jean,Bruce Springsteen,"Well, I came by your house the other day Your mother said you went away She said there was nothing that I could have done There was nothing nobody could say[SEP*] Me and you, we've known each other Ever since we were 16 I wished I would have known I wished I could have called you Just to say goodbye Bobby Jean[SEP*] Now you hung with me when all the others Turned away, turned up their nose We liked the same music, we liked the same bands We liked the same clothes[SEP*] Yeah, we told each other That we were the wildest The wildest things we'd ever seen Now I wished you would have told me I wished I could have talked to you Just to say goodbye Bobby Jean[SEP*] Now we went walking in the rain Talking about the pain from the world we hid Now there ain't nobody, nowhere, no how Gonna ever understand me the way you did[SEP*] Maybe you'll be out there on that road somewhere In some bus or train traveling along In some motel room, there'll be a radio playing And you'll hear me sing this song[SEP*] Well, if you do, you'll know I'm thinking of you And all the miles in between And I'm just calling one last time Not to change your mind But just to say I miss you baby Good luck Goodbye, Bobby Jean",1984,0.028,0.889,0.083,0.9016
Sherry Darling,Bruce Springsteen,"Your Mamma's yappin' in the back seat Tell her to push over and move them big feet Every Monday morning I gotta drive her down to the unemployment agency Well this morning I ain't fighting, tell her I give up Tell her she wins if she'll just shut up But it's the last time that she's gonna be ridin' with me[SEP*] And you can tell her there's a hot sun beatin' on the black top She keeps talkin', she'll be walking that last block She can take a subway back to the ghetto tonight Well, I got some beer and the highway's free And I got you, and baby, you've got me Hey, hey, hey, what you say, Sherry Darling?[SEP*] Now there's girls melting on the beach Oh they're so fine and so out of reach 'Cause I'm stuck in traffic down here on 53rd Street Now Sherry, my love for you is real But I didn't count on this package deal And baby, this car just ain't big enough for her and me[SEP*] So you can tell her there's a hot sun beatin' on the blacktop She keeps talking, she'll be walkin' that last block She can take a subway back to the ghetto tonight Well, I got some beer and the highway's free And I got you, and baby, you've got me Hey, hey, hey, what you say, Sherry Darling?[SEP*] Well, let there be sunlight, let there be rain Let my broken heart love again Sherry, we can run with our arms open wide before the tide To all the girls down at Sacred Heart And all you operators back in the Park Say hey, hey, hey, what you say, Sherry Darling?",1977,0.05,0.774,0.175,0.9915
Can't Help Thinking About Me,David Bowie,"Question-time that says I brought dishonor My head's bowed in shame, seems that I've blackened the family name My mother says that she can't stand the neighbors talking I've gotta pack my bags, leave this home, start walking I'm guilty [SEP*] I wish that I was sorry this time I wish that I could pay for my crime Can't help thinking about me Can't help thinking about me Can't help thinking about me [SEP*] Remember when we used to go to church on Sundays I lay awake at night, terrified of school on Mondays It's too late now I wish I was a child again I wish I felt secure again Can't help thinking about me Can't help thinking about me Can't help thinking about me [SEP*] As I pass a recreation ground Remember my friends, always been found But I can't Can't help thinking about me Can't help thinking about me Can't help thinking about me [SEP*] Now I leave them all in this never never land The station seems so cold the ticket's in my hand My girl calls my name ""Hi, Dave"" Drop in, see around, come back If you're this way again I'm on my own [SEP*] I've got a long way to go Hope I make it on my own Can't help thinking about me Can't help thinking about me Can't help thinking about me Can't help thinking about me [SEP*] I can't help thinking about me I can't help thinking about me I can't help thinking about me I can't help thinking about me Can't help thinking about me Can't help thinking about me Can't help thinking about me (can't help thinking about me) Can't help thinking about me (can't help thinking about me) Can't help thinking about me (can't help thinking about me) Can't help thinking about me (can't help thinking about me) I can't help thinking about me",2007,0.254,0.691,0.055,-0.9956
The River ,Bruce Springsteen,"I come from down in the valley Where, mister, when you're young They bring you up to do like your daddy done Me and Mary we met in high school When she was just seventeen We drive out of this valley Down to where the fields were green We'd go down to the river And into the river we'd dive Oh, down to the river we'd ride[SEP*] Then I got Mary pregnant And man, that was all she wrote And for my nineteenth birthday I got a union card and a wedding coat We went down to the courthouse And the judge put it all to rest No wedding day smiles, no walk down the aisle No flowers, no wedding dress[SEP*] That night we went down to the river And into the river we'd dive Oh, down to the river we did ride Yeah, yeah[SEP*] I got a job working construction For the Johnstown Company But lately there ain't been much work On account of the economy Now all them things that seemed so important Well mister they vanished right into the air Now I just act like I don't remember Mary acts like she don't care[SEP*] But I remember us riding in my brother's car Her body tan and wet, down at the reservoir At night on them banks I'd lie awake And pull her close just to feel each breath she'd take Now those memories come back to haunt me They haunt me like a curse Is a dream a lie if it don't come true Or is it something worse That sends me down to the river Though I know the river is dry That sends me down to the river tonight Down to the river My baby and I Oh, down to the river we ride-ide",1980,0.09,0.83,0.079,-0.6676
Day-In Day-Out,David Bowie,"(Day in) Day in (Day out) Day out (Stay in) Stay in (Fade out) Fade out (Day in) Hoo hoo (Day out) Oh hoo hoo [SEP*] She was born in a handbag Love left On a doorstep What she lacks is a backup Nothing seems to make a dent Going to find her some money, honey Try to pay her rent That's the kind of protection everyone is shouting about (Hey, hey) [SEP*] (Day in) Day in (Day out) Day out (Stay in) Stay in (Fade out) Fade out (Day in) Hoo hoo (Day out) Oh hoo hoo [SEP*] First thing she learns is She's a citizen Some things they turn out right When you're under the USA Someone rings a bell And it's all over She's going out of her way Stealing for that one good rush (Ah) [SEP*] (Day in) Day in (Day out) Day out (Stay in) Stay in (Fade out) Fade out (Day in) Hoo hoo (Day out) Oh hoo hoo [SEP*] She could use a little money She's hanging on his arms Like a cheap suit She's got no money, honey She's on the other side Oh come on little baby Late night, big town Police, shake down [SEP*] Day in Day out Stay in Fade out Hoo hoo [SEP*] (Day in) (Day out) (Stay in) (Fade out) [SEP*] (Day in) She's got a ticket to nowhere (Day out) She's going to take a train ride (Stay in) Nobody knows her, or knows her name (Stay out) She's in the pocket of a home boy (Stay in) Oh she's going to take her a shotgun, pow (Stay out) Spin the grail spin the drug (Stay in) She's going to make them well aware (Stay out) She's an angry girl (All over) [SEP*] (Day in) Day in (Day out) Day out (Stay in) Stay in (Fade out) (Fade out) Fade out [SEP*] (Day in) And there's angels everywhere (Day out) Suddenly shooting her down (Day in) Shooting her with video, drugs, bullets, and promises (Day out) Angels in a ton of sound... And it's— (Day in) Day in (Day out) Day out (Day in) You stay in, or ya... (Day out) Ya fade out, fade out (Day in) Fade out (Day out) Ha, and ya... (Day in) Fade out (Day out) Fade out, fade out (Day in) Hoo hoo (Day out) Oh hoo hoo",1987,0.031,0.926,0.042,0.6597
Freedom,Paul McCartney,[SEP*] This is my right A right given by God To live a free life To live in freedom[SEP*] Talkin' about freedom I'm talkin' about freedom I will fight for the right To live in freedom[SEP*] Any one Tries to take it away You'll have to answer 'Cause this is my right[SEP*] I'm talkin' about freedom I'm talkin' about freedom I will fight for the right To live in freedom[SEP*] Yeah oh I'm' talkin' about freedom I'm talking about freedom I will fight for the right To live in freedom[SEP*] Everybody talkin' about freedom We're talkin' about freedom We will fight for the right To live in freedom[SEP*] Oh Talkin' about freedom I'm talkin' about freedom I will fight for the right To live in freedom[SEP*] I'm' talkin' about freedom I'm' talkin' about freedom We will fight for the right To live in freedom,2001,0.074,0.514,0.412,0.9976
Be My Wife,David Bowie,Sometimes you get so lonely Sometimes you get nowhere I've lived all over the world I've lived every place Please be mine Share my life Stay with me Be my wife [SEP*] Sometimes you get so lonely Sometimes you get nowhere I've lived all over the world I've lived every place Please be mine Share my life Stay with me Be my wife [SEP*] Sometimes you get so lonely,1977,0.124,0.762,0.114,-0.4066
"Something's Burning, Baby",Bob Dylan,"Something is burning, baby, are you aware? Something is the matter, baby, there's smoke in your hair Are you still my friend, baby, show me a sign Is the love in your heart for me turning blind?[SEP*] You've been avoiding the main streets for a long, long while The truth that I'm seeking is in your missing file What's your position, baby, what's going on? Why is the light in your eyes nearly gone?[SEP*] I know everything about this place, or so it seems Am I no longer a part of your plans or your dreams? Well, it is so obvious that something has changed What's happening, baby, to make you act so strange?[SEP*] Something is burning, baby, here's what I say Even the bloodhounds of London couldn't find you today I see the shadow of a man, baby, makin' you blue Who is he, baby, and what's he to you?[SEP*] We've reached the edge of the road, baby, where the pasture begins Where charity is supposed to cover up a multitude of sins But where do you live, baby, and where is the light? Why are your eyes just staring off in the night?[SEP*] I can feel it in the night, in the night, in the night when I think of you I can feel it in the light, in the light, in the light and it's got to be true You can't live by bread alone, you won't be satisfied You can't roll away the stone if your hands are tied[SEP*] Got to start someplace, baby, can you explain? Please don't fade away on me, baby, like the midnight train Answer me, baby, a casual look will do Just what in the world has come over you?[SEP*] I can feel it in the wind, in the wind, in the wind and it's upside down I can feel it in the dust as I get off the bus on the outskirts of town I've had the Mexico City blues since the last hairpin curve I don't wanna see you bleed I know what you need and it ain't what you deserve[SEP*] Something is burning, baby, something's in flames There's a man going 'round calling names Ring down when you're ready, baby, I'm waiting for you I believe in the impossible, you know that I do",1985,0.041,0.882,0.077,0.9228
Dancing in the Dark,Bruce Springsteen,"I get up in the evenin' And I ain't got nothin' to say I come home in the mornin' I go to bed feelin' the same way [SEP*] I ain't nothin' but tired Man, I'm just tired and bored with myself Hey there, baby, I could use just a little help [SEP*] You can't start a fire You can't start a fire without a spark This gun's for hire Even if we're just dancin' in the dark [SEP*] Messages keeps gettin' clearer Radio's on and I'm movin' 'round my place I check my look in the mirror Wanna change my clothes, my hair, my face [SEP*] Man, I ain't gettin' nowhere I'm just livin' in a dump like this There's somethin' happenin' somewhere Baby, I just know that there is [SEP*] You can't start a fire You can't start a fire without a spark This gun's for hire Even if we're just dancin' in the dark [SEP*] You sit around gettin' older There's a joke here somewhere and it's on me I'll shake this world off my shoulders Come on, baby, the laugh's on me [SEP*] Stay on the streets of this town And they'll be carvin' you up alright They say you gotta stay hungry Hey baby, I'm just about starvin' tonight [SEP*] I'm dyin' for some action I'm sick of sittin' 'round here tryin' to write this book I need a love reaction Come on now, baby, gimme just one look [SEP*] You can't start a fire Sittin' 'round cryin' over a broken heart This gun's for hire Even if we're just dancin' in the dark [SEP*] You can't start a fire Worryin' about your little world fallin' apart This gun's for hire Even if we're just dancin' in the dark [SEP*] Even if we're just dancin' in the dark Even if we're just dancin' in the dark Even if we're just dancin' in the dark Hey baby",1984,0.064,0.817,0.12,0.9539
Stranglehold,Paul McCartney,"Can I Get You To Give Me A Minute Of Your Time? Can I Get You To Slip Me The Answer? Can I Get You To Slow Me A Little Of Your Mime? You Were Always A Very Good Dancer I'd Be Happy To Show You A Bit Of What I Found I'd Be Happy To Share In Its Beauty I'd Be Happy To Lay Low Inevitably Bound I Would Only Be Doing My Duty. [SEP*] I Wait, I Wait, I Can Wait, I Can Wait Back In The Bar I Can Wait, I Can Wait, I Can Wait Back In The Car I'll Be Waiting For You Stranglehold, You Know You've Got On Me I Don't Want To Go Without You. Stranglehold, You've Got Me Where You Want Me But I Want To Know More About You I Want To Know More About You. [SEP*] Are You Willing To Wager A Little Of Your Life? Are You Willing To Take Such A Gamble? Are You Ready To Walk On The Edge Of The Knife? Then I Think We Can Skip The Preamble. [SEP*] I Wait, I Wait, I Can Wait. I Can't Wait Back In The Bar, I Can Wait, I Can Wait, I Can Wait Back In The Car I'll Be Waiting For You. I'll Be Waiting... [SEP*] Stranglehold, You Know, You've Got On Me I Don't Want To Go Without You Stranglehold, You've Got Me Where You Want Me And I Want To Know More About You I Want To Know More About You. [SEP*] I Can Wait, I Can Wait Back In The Bar I Can Wait, I Can Wait I Can Wait Back In The Car I'll Be Waiting For You.",1986,0.046,0.887,0.068,0.8907
The Bewlay Brothers,David Bowie,"And so the story goes they wore the clothes They said the things to make it seem improbable The whale of a lie like they hope it was And the Goodmen Tomorrow Had their feet in the wallow And their heads of Brawn were nicer shorn And how they bought their positions with saccharin and trust And the world was asleep to our latent fuss Sighing, the swirl through the streets Like the crust of the sun The Bewlay Brothers [SEP*] In our Wings that Bark Flashing teeth of Brass Standing tall in the dark Oh, And we were Gone Hanging out with your Dwarf Men We were so turned on By your lack of conclusions I was Stone and he was Wax So he could scream, and still relax, unbelievable [SEP*] And we frightened the small children away And our talk was old and dust would flow Thru our veins and Lo! it was midnight Back at the kitchen door Like the grim face on the Cathedral floor And the solid book we wrote Cannot be found today And it was Stalking time for the Moonboys [SEP*] The Bewlay Brothers With our backs on the arch In the Devil-may-be-here But He can't sing about that Oh, And we were Gone Real Cool Traders We were so Turned On You thought we were Fakers [SEP*] Now the dress is hung, the ticket pawned The Factor Max that proved the fact Is melted down And woven on the edging of my pillow Now my Brother lays upon the Rocks He could be dead, He could be not He could be You [SEP*] He's Chameleon, Comedian, Corinthian and Caricature Shooting-up Pie-in-the-Sky The Bewlay Brothers In the feeble and the Bad The Bewlay Brothers In the Blessed and Cold In the Crutch-hungry Dark Was where we flayed our Mark Oh, and we were Gone [SEP*] Kings of Oblivion We were so Turned On In the Mind-Warp Pavilion Lay me place and bake me Pie I'm starving for me Gravy Leave my shoes, and door unlocked I might just slip away, hey Just for the Day, Hey! [SEP*] Hey, Please come Away, Hey! Just for the Day, Hey! Please come Away, Hey! Please come Away, Hey! Just for the Day Please come Away Please come Away Please come Away Please come Away Away (Away) Away Hey",1971,0.064,0.821,0.115,0.958
Diamond Dogs,David Bowie,"[SEP*] This ain't rock and roll This is genocide[SEP*] As they pulled you out of the oxygen tent You asked for the latest party With a silicon hump and your ten-inch stump Dressed like a priest you was, Todd Browning streak he was[SEP*] Crawling down the alley on your hands and knee I'm sure you're not protected, for it's plain to see The diamond dogs are poachers and they hide behind trees Hunt you to the ground, they will, mannequins with kill appeal[SEP*] I'll keep a friend serene (will they come?) Oh baby, come unto me (will they come?) Well, she's come, been and gone[SEP*] Come out of the garden, baby You'll catch your death in the fog Young girl, they call them the Diamond Dogs Young girl, they call them the Diamond Dogs[SEP*] The Halloween Jack is a real cool cat And he lives on top of Manhattan Chase The elevator's broke, so he slides down a rope Onto the street below, oh Tarzie, go man go[SEP*] Meet his little hussy with his ghost town approach Her face is sans feature, but she wears a Dali brooch Sweetly reminiscent, something mother used to bake Wrecked up and paralysed, Diamond Dogs are stabilised[SEP*] I'll keep a friend serene (will they come?) Oh baby, come unto me (will they come?) Well, she's come, been and gone[SEP*] Come out of the garden, baby You'll catch your death in the fog Young girl, they call them the Diamond Dogs Young girl, they call them the Diamond Dogs[SEP*] Ooh-hoo-hoo, call them the Diamond Dogs Ooh-hoo-hoo, call them the Diamond Dogs Wow-wow, woof-woof, wow-wow-wow[SEP*] Call them the Diamond Dogs Dogs Call them the Diamond Dogs, call them, call them Call them the Diamond Dogs, call them, call them, woo-hoo Call them the Diamond Dogs Keep cool Diamond Dogs rule, okay",1974,0.049,0.748,0.203,0.9936
"Going, Going, Gone",Bob Dylan,"I've just reached a place Where the willow don't bend There's not much more to be said It's the top of the end I'm going I'm going I'm gone[SEP*] I'm closin' the book On the pages and the text And I don't really care What happens next I'm just going I'm going I'm gone[SEP*] I been hangin' on threads I been playin' it straight Now, I've just got to cut loose Before it gets late So I'm going I'm going I'm gone[SEP*] Grandma said, ""Boy, go and follow your heart And you'll be fine at the end of the line All that's gold isn't meant to shine Don't you and your one true love ever part""[SEP*] I been walkin' the road I been livin' on the edge Now, I've just got to go Before I get to the ledge So I'm going I'm just going I'm gone",1973,0.048,0.861,0.091,0.6864
All the Young Dudes,David Bowie,"Jimmy rapped all night about his suicide How he'd kick it in the head when he was 25 All that speech, ""I don't want to stay alive,"" when you're 25 [SEP*] Lucy's stealing clothes from unlocked cars And Freddy's got spots From ripping off the stars from his face now, honey A funky little boat race [SEP*] The television man is crazy Saying we're juvenile delinquent wrecks Oh man, I need a TV when I've got T. Rex [SEP*] Brother, you guessed I'm a dude All the young dudes, yeah Carry the news [SEP*] Boogaloo dudes, yeah Carry the news [SEP*] All the young dudes, yeah Carry the news [SEP*] Boogaloo dudes, yeah Carry the news",1972,0.111,0.815,0.074,-0.6621
Gotta Serve Somebody,Bob Dylan,"You may be an ambassador to England or France You may like to gamble, you might like to dance You may be the heavyweight champion of the world You might be a socialite with a long string of pearls[SEP*] But you're gonna have to serve somebody, yes indeed You're gonna have to serve somebody Well, it may be the Devil or it may be the Lord But you're gonna have to serve somebody[SEP*] Might be a rock 'n' roll addict prancing on the stage You might have drugs at your command, women in a cage You may be a businessman or some high-degree thief They may call you doctor or they may call you chief[SEP*] But you're gonna have to serve somebody, yes, you are You're gonna have to serve somebody (serve somebody) Well, it may be the Devil or it may be the Lord But you're gonna have to serve somebody (serve somebody)[SEP*] You may be a state trooper, you might be a young Turk You may be the head of some big TV network You may be rich or poor, you may be blind or lame You may be livin' in another country under another name[SEP*] But you're gonna have to serve somebody, yes, you arre You're gonna have to serve somebody (serve somebody) Well, it may be the Devil or it may be the Lord But you're gonna have to serve somebody (serve somebody)[SEP*] You may be a construction worker workin' on a home Might be livin' in a mansion, you might live in a dome You may own guns and you may even own tanks You may be somebody's landlord, you may even own banks[SEP*] But you're gonna have to serve somebody (serve somebody) Yes, you're gonna have to serve somebody (serve somebody) Well, it may be the Devil or it might be the Lord But you're gonna have to serve somebody (serve somebody)[SEP*] You may be a preacher preaching spiritual pride Maybe a city councilman takin' bribes on the side May be working in a barbershop, you may know how to cut hair You may be somebody's mistress, maybe somebody's heir[SEP*] But you're gonna have to serve somebody Yes, you're gonna have to serve somebody (serve somebody) Well, it may be the Devil or it may be the Lord But you're gonna have to serve somebody (serve somebody)[SEP*] Might like to wear cotton, might like to wear silk Might like to drink whiskey, might like to drink milk Might like to eat caviar, you might like to eat bread May be sleeping on the floor, sleepin' in a king-size bed[SEP*] But you're gonna have to serve somebody (serve somebody) Yes indeed, you're gonna have to serve somebody (serve somebody) Well, it may be the Devil or it may be the Lord But you're gonna have to serve somebody[SEP*] You may call me Terry, you may call me Timmy You may call me Bobby, you may call me Zimmy You may call me RJ, you may call me Ray You may call me anything, no matter what you say[SEP*] You're still gonna have to serve somebody (serve somebody) Yes, you're gonna have to serve somebody (serve somebody) Well, it may be the Devil and it may be the Lord But you're gonna have to serve somebody",1979,0.101,0.777,0.122,0.2144
Too Much Rain,Paul McCartney,"Laugh, when your eyes are burning Smile, when your heart is filled with pain Sigh, as you brush away your sorrow Make a vow, that's it's not going to happen again[SEP*] It's not right, in one life Too much rain You, know the wheels keep turning Why, do the tears run down your face[SEP*] We, use to hide away our feelings But for now, tell yourself it won't happen again It's not right, in one life Too much rain[SEP*] It's too much for anyone, Too hard for anyone Who wants a happy and peaceful life You've gotta learn to laugh[SEP*] Smile, when your spinning round and round Sigh, as you think about tomorrow Make a vow, that your gonna be happy again[SEP*] It's all right, in your life No more rain It's too much for anyone, Too hard for anyone Who wants a happy and peaceful life You've gotta learn to laugh",2005,0.071,0.697,0.232,0.9881
Pink Cadillac,Bruce Springsteen,"Well now you may think I'm foolish For the foolish things I do You may wonder how come I love you When you get on my nerves like you do[SEP*] Well baby you know you bug me There ain't no secret 'bout that Well come on over here and hug me Baby I'll spill the facts[SEP*] Well honey it ain't your money 'Cause baby I got plenty of that[SEP*] I love you for your pink Cadillac Crushed velvet seats Riding in the back Cruising down the street Waving to the girls Feeling out of sight Spending all my money On a Saturday night Honey I just wonder what you do there in back Of your pink Cadillac Pink Cadillac[SEP*] Well now way back in the Bible Temptations always come along There's always somebody tempting Somebody into doing something they know is wrong[SEP*] Well they tempt you, man, with silver And they tempt you, sir, with gold And they tempt you with the pleasures That the flesh does surely hold[SEP*] They say Eve tempted Adam with an apple But man I ain't going for that I know it was her pink Cadillac[SEP*] Crushed velvet seats Riding in the back Oozing down the street Waving to the girls Feeling out of sight Spending all my money On a Saturday night Honey I just wonder what it feels like in the back Of your pink Cadillac Pink Cadillac[SEP*] Now some folks say it's too big And uses too much gas Some folks say it's too old And that it goes too fast[SEP*] But my love is bigger than a Honda Yeah, it's bigger than a Subaru Hey man there's only one thing And one car that will do[SEP*] Anyway we don't have to drive it Honey we can park it out in the back And have a party in your pink Cadillac[SEP*] Crushed velvet seats Riding in the back Cruising down the street Waving to the girls Feeling out of sight Spending all my money On a Saturday night Honey I just wonder what you do there in back Of your pink Cadillac",1984,0.043,0.838,0.119,0.9688
I Believe in You,Bob Dylan,"They ask me how I feel And if my love is real And how I know I'll make it through And they, they look at me and frown, They'd like to drive me from this town, They don't want me around 'Cause I believe in you[SEP*] They show me to the door, They say don't come back no more 'Cause I don't be like they'd like me to, And I walk out on my own A thousand miles from home But I don't feel alone 'Cause I believe in you[SEP*] I believe in you even through the tears and the laughter, I believe in you even though we be apart I believe in you even on the morning after Oh, when the dawn is nearing Oh, when the night is disappearing Oh, this feeling is still here in my heart[SEP*] Don't let me drift too far, Keep me where you are Where I will always be renewed And that which you've given me today Is worth more than I could pay And no matter what they say I believe in you[SEP*] I believe in you when winter turn to summer, I believe in you when white turn to black, I believe in you even though I be outnumbered Oh, though the earth may shake me Oh, though my friends forsake me Oh, even that couldn't make me go back[SEP*] Don't let me change my heart, Keep me set apart From all the plans they do pursue And I, I don't mind the pain Don't mind the driving rain I know I will sustain 'Cause I believe in you",1979,0.028,0.855,0.116,0.9669
Ain't Talkin',Bob Dylan,"As I walked out tonight in the mystic garden The wounded flowers were dangling from the vine I was passing by yon cool crystal fountain Someone hit me from behind[SEP*] Ain't talkin', just walkin' Through this weary world of woe Heart burnin', still yearnin' No one on earth would ever know[SEP*] They say prayer has the power to heal So pray from the mother In the human heart an evil spirit can dwell I am a-tryin' to love my neighbor and do good unto others But oh, mother, things ain't going well[SEP*] Ain't talkin', just walkin' I'll burn that bridge before you can cross Heart burnin', still yearnin' There'll be no mercy for you once you've lost[SEP*] Now I'm all worn down by weeping My eyes are filled with tears, my lips are dry If I catch my opponents ever sleeping I'll just slaughter 'em where they lie[SEP*] Ain't talkin', just walkin' Through the world mysterious and vague Heart burnin', still yearnin' Walkin' through the cities of the plague[SEP*] Well, the whole world is filled with speculation The whole wide world which people say is round They will tear your mind away from contemplation They will jump on your misfortune when you're down[SEP*] Ain't talkin', just walkin' Eatin' hog-eyed grease in a hog-eyed town Heart burnin', still yearnin' Some day you'll be glad to have me around[SEP*] They will crush you with wealth and power Every waking moment you could crack I'll make the most of one last extra hour I'll avenge my father's death then I'll step back[SEP*] Ain't talkin', just walkin' Hand me down my walkin' cane Heart burnin', still yearnin' Got to get you out of my miserable brain[SEP*] All my loyal and my much-loved companions They approve of me and share my code I practice a faith that's been long abandoned Ain't no altars on this long and lonesome road[SEP*] Ain't talkin', just walkin' My mule is sick, my horse is blind Heart burnin', still yearnin' Thinkin' 'bout that gal I left behind[SEP*] Well, it's bright in the heavens and the wheels are flyin' Fame and honor never seem to fade The fire gone out but the light is never dyin' Who says I can't get heavenly aid?[SEP*] Ain't talkin', just walkin' Carryin' a dead man's shield Heart burnin', still yearnin' Walkin' with a toothache in my heel[SEP*] The sufferin' is unending Every nook and cranny has its tears I'm not playing, I'm not pretending I'm not nursin' any superfluous fears[SEP*] Ain't talkin', just walkin' Walkin' ever since the other night Heart burnin', still yearnin' Walkin' 'til I'm clean out of sight[SEP*] As I walked out in the mystic garden On a hot summer day, a hot summer lawn Excuse me, ma'am, I beg your pardon There's no one here, the gardener is gone[SEP*] Ain't talkin', just walkin' Up the road, around the bend Heart burnin', still yearnin' In the last outback at the world's end",2006,0.142,0.743,0.115,-0.9405
Tug of War,Paul McCartney,"It's a tug of war What with one thing and another It's a tug of war We expected more But with one thing and another We were trying to outdo each other In a tug of war [SEP*] In another world In another world We could stand on top of the mountain With our flag unfurled [SEP*] In a time to come In a time to come We will be dancing to the beat played On a different drum [SEP*] It's a tug of war Though I know I mustn't grumble It's a tug of war But I can't let go If I do you'll take a tumble And the whole thing is going to crumble It's a tug of war [SEP*] In years to come they may discover What the air we breathe and the life we lead Are all about But it won't be soon enough Soon enough for me No it won't be soon enough Soon enough for me [SEP*] In another world We could stand on top of the mountain With our flag unfurled [SEP*] In a time to come we will be dancing to the beat played On a different drum We will be dancing to the beat Played on a different drum We will be dancing to the beat Played on a different drum [SEP*] It's a tug of war, (a tug of war, a tug of war) What with one thing and another It's a tug of war We expected more But with one thing and another We were trying to outscore each other In a tug of war [SEP*]",1982,0.176,0.766,0.058,-0.991
Beauty and the Beast,David Bowie,"Weaving down a byroad, singing a song That's my kind of highroad gone wrong (My, my smile at least) You can't say no to the beauty and the beast [SEP*] Something in the night Something in the day Nothing is wrong but darling, something's in the way There's slaughter in the air Protest on the wind Someone else inside me Someone could get skinned, how? (My, my) someone fetch a priest You can't say no to the beauty and the beast [SEP*] Darling You can't say no to the beauty and the beast (Liebling) (My, my) You can't say no to the beauty and the beast [SEP*] I wanted to believe me I wanted to be good I wanted no distractions Like every good boy should Nothing will corrupt us Nothing will compete Thank god heaven left us Standing on our feet [SEP*] (My, my) Beauty and the beast (my, my) Just beauty and the beast (you can't say no to the beauty and the beast) Darling My, my",1977,0.052,0.584,0.364,0.9974
Your Loving Flame,Paul McCartney,"How can I hope to reach your love Help me to discover what it is you're thinking of 'Cause when we kiss, nothing feels the same I could spend eternity inside your loving flame[SEP*] What am I to do if I don't have you I'll be feeling blue, just sitting here without you You could be the one to chase my blues away, away[SEP*] So tell me how How to reach your love Help me to discover what it is you're thinking of 'Cause when we kiss nothing feels the same I could spend eternity inside your loving flame[SEP*] But what am I to do, if I don't have you Say, I'll be feeling blue, just sitting here without you You could be the one to chase my blues away, away[SEP*] 'Cause when we kiss nothing feels the same I could spend eternity inside your loving flame So tell me how How to reach your love Help me to discover what it is you're thinking of[SEP*] How can I hope to reach your love Here forever in your loving flame",2001,0.0,0.712,0.288,0.9949
What Can I Do for You?,Bob Dylan,"You have given everything to me. What can I do for You? You have given me eyes to see. What can I do for You?[SEP*] Pulled me out of bondage and You made me renewed inside, Filled up a hunger that had always been denied, Opened up a door no man can shut and You opened it up so wide And You've chosen me to be among the few. What can I do for You?[SEP*] You have laid down Your life for me. What can I do for You? You have explained every mystery. What can I do for You?[SEP*] Soon as a man is born, you know the sparks begin to fly, He gets wise in his own eyes and he's made to believe a lie. Who would deliver him from the death he's bound to die? Well, You've done it all and there's no more anyone can pretend to do. What can I do for You?[SEP*] You have given all there is to give. What can I do for You? You have given me life to live. How can I live for You?[SEP*] I know all about poison, I know all about fiery darts, I don't care how rough the road is, show me where it starts, Whatever pleases You, tell it to my heart. Well, I don't deserve it but I sure did make it through. What can I do for You?",1980,0.085,0.872,0.043,-0.7688
Black Country Rock,David Bowie,"Pack a pack horse and rest up here on Black country rock You never know, you might find it here on Black country rock [SEP*] Pack a pack horse and rest up here on Black country rock You never know, you might find it here on Black country rock [SEP*] Some say the view is crazy But you may adopt another point of view So if it's much too hazy You can leave my friend and me with fond adieu [SEP*] Pack a pack horse and rest up here on Black country rock You never know, you might find it here on Black country rock [SEP*] Pack a pack horse and rest up here on Black country rock You never know, you might find it here on Black country rock [SEP*] Some say the view is crazy But you may adopt another point of view So if it's much too hazy You can leave my friend and me with fond adieu [SEP*] Some say the view is crazy But you may adopt another point of view So if it's much too hazy You can leave my friend and me with fond adieu",1970,0.056,0.798,0.146,0.9712
Cold Irons Bound,Bob Dylan,"I'm beginning to hear voices and there's no one around Now I'm all used up and I fee so turned-around I went to church on Sunday and she passed by And my love for her is taking such a long time to die God, I'm waist deep, waist deep in the mist It's almost like, almost like I don't exist I'm 20 miles out of town, Cold Irons bound[SEP*] There's a wall of pride high and wide Can't see over to the other side It's such a sad thing to see beauty decay It's sadder still to feel your heart torn away One look at you and I'm out of control Like the universe has swallowed me whole I'm 20 miles out of town and Cold Irons bound[SEP*] There's too many people, too many to recall I thought some of 'em were friends of mine I was wrong about 'em all Well, the road is rocky and the hillside's mud Up over my head nothing but clouds of blood I found my own, I found my one in you But your love just hasn't proved true I'm 20 miles out of town, Cold Irons bound 20 miles out of town, Cold Irons bound[SEP*] Well the winds in Chicago have turned me to shreds Reality has always had too many heads Some things last longer than you think they will Some kind of things you can never kill It's you and you only I'm thinking about But you can't see in, and it's hard looking out I'm 20 miles out of town, Cold Irons bound[SEP*] Well the fat's in the fire, and the water's in the tank And the whiskey's in the jar, and the money's in the bank I tried to love and protect you because I cared I'm gonna remember forever the joy we've shared Looking at you and I'm on my bended knee You have no idea what you do to me I'm 20 miles out of town Cold Irons bound 20 miles out of town, Cold Irons bound",1997,0.064,0.793,0.143,0.9861
Arrow Through Me,Paul McCartney,"Ooh, baby, you couldn't have done a worse thing to me If you'da taken an arrow and run it right through me, ooh Ooh baby, a bird in the hand is worth two flyin' But when it came to love, I'd knew you'd be lyin'[SEP*] It could have been a finer thing Would have been a major attraction With no other thing Offering a note of distraction Come on, get up, get under way and bring your love[SEP*] Ooh baby, you wouldn't have found a more down hero If you'da started at nothing and counted to zero Ooh baby, you couldn't have done a worse thing to me If you'da taken an arrow and run it right through me[SEP*] It could have been a finer thing Flying in a righter direction With no other thing Featuring my love and affection Come on, get up, get under way and bring your love Ooh baby, you wouldn't have found a more down hero If you'da started at nothing and counted to zero",1979,0.044,0.707,0.249,0.9932
Rock 'n' Roll with Me,David Bowie,"You were always were the one that knew They sold us for the likes of you I never wanted anything but new surroundings A room to rent while the lizards lay, lying in the heat They was trying to remember who to meet And I would take a foxy kind of stand While tens of thousands found me in demand[SEP*] When you rock and roll with me No one else I'd rather be Nobody here can do it for me I'm in tears again When you rock and roll with me[SEP*] Hey-hey, good evening Buffalo It's nice to meet you Gentle hearts are counted down And the queue is out of sight and out of sounds Oh, me, I'm out of breath, but not quite doubting I've found a door which lets me out[SEP*] When you rock and roll with me No one else I'd rather be Nobody here can do it for me When you rock and roll with me[SEP*] I said, when you rock and roll, rock and roll with me Ah-ah-ah-ah-ah[SEP*] When you rock and roll with me No one else I'd rather be Nobody here can do it for me When you rock and roll with me[SEP*] I said, when you rock and roll, rock and roll with me No one else I'd rather, I'd rather be, no (when you rock and roll with me) Nobody down here can do it for me, no (when you rock and roll with me) I'm in tears, I'm in tears, yeah (when you rock and roll with me)",1974,0.106,0.827,0.067,-0.8489
The Pound is Sinking,Paul McCartney,"The pound is sinking, the peso's falling The lira's reeling and feeling quite appalling The mark is holding, the franc is fading The drachma's very weak, but everyone's still trading The market's bottom has fallen right out And only the strong are survivors [SEP*] Well, I fear, my dear, that it's eminently clear That you can't see the trees for the forest Your father was an extraordinary man But you don't seem to have inherited many of his mannerisms Oh, any of his mannerisms [SEP*] The dollar's moving, the ruble's rising The yen is keeping up, which hardly seems surprising The market's bottom has fallen right out And only the stout are survivors [SEP*] Hear me, my lover (Hear me lover) I can't be held responsible now (Oh no, it wasn't me) For something that didn't happen (I didn't do it anyway) I knew you for a minute Oh, it didn't happen only for a minute Your heart just wasn't in it anymore Mmm, hmm [SEP*] The pound is sinking, the peso's falling The lira's reeling and feeling quite appalling Ooh, ooh, ooh [SEP*]",1982,0.129,0.744,0.127,0.1172
Make You Feel My Love,Bob Dylan,"When the rain is blowing in your face And the whole world is on your case I could offer you a warm embrace To make you feel my love[SEP*] When the evening shadows and the stars appear And there is no one there to dry your tears I could hold you for a million years To make you feel my love[SEP*] I know you haven't made your mind up yet But I would never do you wrong I've known it from the moment that we met No doubt in my mind where you belong[SEP*] I'd go hungry, I'd go black and blue I'd go crawling down the avenue No, there's nothing that I wouldn't do To make you feel my love[SEP*] The storms are raging on the rolling sea And on the highway of regret The winds of change are blowing wild and free You ain't seen nothing like me yet[SEP*] I could make you happy, make your dreams come true Nothing that I wouldn't do Go to the ends of the Earth for you To make you feel my love",1997,0.094,0.71,0.196,0.9751
Downbound Train,Bruce Springsteen,"I had a job, I had a girl I had something going, mister, in this world I got laid off down at the lumber yard Our love went bad, times got hard[SEP*] Now I work down at the carwash Where all it ever does is rain Don't you feel like you're a rider On a downbound train?[SEP*] She just said, ""Joe, I gotta go We had it once, we ain't got it any more"" She packed her bags, left me behind She bought a ticket on the Central Line[SEP*] Nights as I sleep, I hear that whistle whining I feel her kiss in the misty rain And I feel like I'm a rider On a downbound train[SEP*] Last night, I heard your voice You were cryin', cryin', you were so alone You said your love had never died You were waiting for me at home[SEP*] Put on my jacket, I ran through the woods I ran 'til I thought my chest would explode There in the clearing, beyond the highway In the moonlight, our wedding house shone[SEP*] I rushed through the yard, I burst through the front door My head pounding hard, up the stairs I climbed The room was dark, our bed was empty Then I heard that long whistle whine And I dropped to my knees, hung my head and cried[SEP*] Now I swing a sledge hammer on a railroad gang Knocking down them cross ties, working in the rain Now don't it feel like you're a rider On a downbound train?",1984,0.099,0.844,0.057,-0.6465
On My Way To Work,Paul McCartney,"When your body is coming apart at the seams And the whole thing's feeling low You're convincing yourself That there's nobody there, I know I know how you feel [SEP*] Like somebody has taken the wheels off your car When you had somewhere to go Well, it's annoying Not going to get very far, I know [SEP*] But somebody cares There's always someone, somewhere, you should know by now Always somebody who cares [SEP*] It's happening day in, day out Well, you know by now Always somebody who cares And if you don't know it, how will it find you? How will we know your whereabouts? [SEP*] But I know how you feel I know how you feel [SEP*] Like somebody has taken the wheels off your car When you had somewhere to go Well, it's frustrating Not going to get very far, I know [SEP*] But somebody cares There's always someone, somewhere, you should know by now Always somebody who cares [SEP*] It's happening day in, day out Well, you know by now Always somebody who cares And if you don't know it, how will it find you? How will we know your whereabouts? [SEP*] But I know how you feel [SEP*]",2013,0.033,0.773,0.194,0.9875
If Not for You,Bob Dylan,"If not for you Babe, I couldn't find the door Couldn't even see the floor I'd be sad and blue If not for you[SEP*] If not for you Babe, I'd lay awake all night Wait for the mornin' light To shine in through But it would not be new If not for you[SEP*] If not for you My sky would fall Rain would gather too Without your love I'd be nowhere at all I'd be lost if not for you And you know it's true[SEP*] If not for you My sky would fall Rain would gather too Without your love I'd be nowhere at all Oh! What would I do If not for you[SEP*] If not for you Winter would have no spring Couldn't hear the robin sing I just wouldn't have a clue Anyway it wouldn't ring true If not for you",1970,0.11,0.843,0.047,-0.8688
Cover Me,Bruce Springsteen,"The times are tough now, just getting tougher This old world is rough, it's just getting rougher Cover me, come on baby, cover me Well, I'm looking for a lover who will come on in and cover me [SEP*] Now, promise me baby, you won't let them find us Hold me in your arms, let's let our love blind us Cover me, shut the door and cover me Well, I'm looking for a lover who will come on in and cover me [SEP*] Outside's the rain, the driving snow I can hear the wild wind blowing Turn out the light, bolt the door I ain't going out there no more [SEP*] This whole world is out there just trying to score I've seen enough, I don't want to see any more Cover me, come on in and cover me I'm looking for a lover who will come on in and cover me [SEP*] Outside's the rain, the driving snow I can hear the wild wind blowing Turn out the light, bolt the door I ain't going out there no more [SEP*] This whole world is out there just trying to score I've seen enough, I ain't gonna see any more Cover me, wrap your arms around me, cover me [SEP*] Well, I'm looking for a lover who will come on in and cover me Oh, I'm looking for a lover who will come on in and cover me Yeah, I'm looking for a lover who will come on in and cover me Come on baby Come on baby Come on baby Come on baby",1984,0.035,0.822,0.142,0.9844
What Was It You Wanted,Bob Dylan,What was it you wanted Tell me again so I'll know What's happening in there What's going on in your show What was it you wanted Could you say it again I'll be back in a minute You can get it together by then[SEP*] What was it you wanted You can tell me I'm back We can start it all over Get it back on the track You got why attention Go ahead speak What was it you wanted When you were kissing my cheek[SEP*] Was there somebody looking When you gave me that kiss Someone there in the shadows Someone that I might have missed Is there something you needed Something I don't understand What was it you wanted Do I have it in my hand[SEP*] Whatever you wanted Slipped out of my mind Would you remind me again If you'd be so kind Has the record been breaking Did the needle just skip Is there somebody waitin' Was there a slip of the lip[SEP*] What was it you wanted I ain't keepin' score Are you the same person That was here before Is it something important Maybe not What was it you wanted Tell me again I forgot[SEP*] Whatever you wanted What can it be Did somebody tell you That you could get it from me Is it something that comes natural Is it easy to say Why do you want it Who are you anyway[SEP*] Is the scenery changing Am I getting it wrong Is the whole thing going backwards Are they playing our song Where were you when it started Do you want it for free What was it you wanted Are you talking to me,1989,0.018,0.883,0.099,0.9669
Absolute Beginners,David Bowie,I've nothing much to offer There's nothing much to take I'm an absolute beginner And I'm absolutely sane [SEP*] As long as we're together The rest can go to hell I absolutely love you But we're absolute beginners [SEP*] With eyes completely open But nervous all the same If our love song Could fly over mountains [SEP*] Could laugh at the ocean Just like the films There's no reason To feel all the hard times [SEP*] To lay down the hard lines It's absolutely true Nothing much could happen [SEP*] Nothing we can't shake Oh we're absolute beginners With nothing much at stake [SEP*] As long as you're still smiling There's nothing more I need I absolutely love you But we're absolute beginners [SEP*] But if my love is your love We're certain to succeed [SEP*] If our love song Could fly over mountains Sail over heartaches Just like the films [SEP*] If there's reason To feel all the hard times To lay down the hard lines It's absolutely true,1986,0.077,0.626,0.297,0.9958
The Buddha of Suburbia,David Bowie,"Living in lies by the railway line Pushing the hair from my eyes Elvis is English and climbs the hills Can't tell the bullshit from the lies[SEP*] Screaming along in South London Vicious, but ready to learn Sometimes I fear that the whole world is queer Sometimes, but always in vain[SEP*] So I'll wait until we're sane Wait until we're blessed and all the same Full of blood, loving life and all it's got to give Englishmen going insane[SEP*] Down on my knees in suburbia Down on myself in every way[SEP*] With great expectations I change all my clothes Mustn't grumble at silver and gold Screaming above Central London Never bored, so I'll never get old[SEP*] So I'll wait until we're sane Wait until we're blessed and all the same Full of blood, loving life and all it's got to give Englishmen going insane[SEP*] Down on my knees in suburbia Down on myself in every way",1993,0.131,0.694,0.175,0.9288
Better Days,Bruce Springsteen,"Well, my soul checked out missing as I sat listening To the hours and minutes tickin' away Yeah, just sittin' 'round waitin' for my life to begin While it was all just slippin' away [SEP*] Well, I'm tired of waitin' for tomorrow to come For that train to come roarin' 'round the bend I got a new suit of clothes and a pretty red rose A woman I can call my friend [SEP*] These are better days, baby Yeah, there's better days shining through These are better days, baby Better days with a girl like you [SEP*] Well, I took a piss at fortune's sweet kiss It's like eatin' caviar and dirt It's sad, funny ending to find yourself pretending A rich man in a poor man's shirt [SEP*] Now my ass was draggin' when from a passin' gypsy wagon Your heart like a diamond shone Tonight I'm layin' in your arms, carvin' lucky charms Out of these hard-luck bones [SEP*] These are better days, baby These are better days, it's true These are better days, baby There's better days shining through [SEP*] Now a life of leisure and a pirate's treasure Don't make much for tragedy But it's a sad man, my friend, who's livin' in his own skin And can't stand the company [SEP*] Every fool's got a reason for feelin' sorry for himself And turning his heart to stone Tonight this fool's halfway to heaven and just a mile outta hell And I feel like I'm comin' home [SEP*] These are better days, baby There's better days shining through These are better days, baby Better days with a girl like you [SEP*] These are better days, baby These are better days, it's true These are better days, baby Better days are shining through [SEP*] These are better days, baby These are better days, it's true These are better days, baby Better days are shining through [SEP*] These are better days, baby These are better days, baby Better days are shining through These are better days These are better days Better days are shining through",1992,0.066,0.596,0.338,0.9986
Growin' Up,Bruce Springsteen,"Well I stood stone-like at midnight Suspended in my masquerade And I combed my hair 'til it was just right And commanded the night brigade[SEP*] I was open to pain And crossed by the rain And I walked on a crooked crutch I strolled all alone Through a fallout zone Came out with my soul untouched[SEP*] I hid in the clouded wrath of the crowd When they said, ""Sit down, "" I stood up Ooh-ooh, growin' up[SEP*] And the flag of piracy flew from my mast My sails were set wing to wing I had a jukebox graduate for first mate She couldn't sail but she sure could sing[SEP*] And I pushed B-52 And bombed 'em with the blues With my gear set stubborn on standing I broke all the rules Strafed my old high school Never once gave thought to landing[SEP*] I hid in the clouded warmth of the crowd But when they said, ""Come down, "" I threw up Ooh-ooh, growin' up[SEP*] I took month long vacations in the stratosphere And you know it's really hard to hold your breath Swear I lost everything I ever loved or feared I was a cosmic kid in full costume dress[SEP*] Well, my feet they finally took root in the earth But I got me a nice little place in the stars And I swear I found the key to the universe In the engine of an old parked car[SEP*] I hid in the mother breast of the crowd When they said, ""Pull down, "" I pulled up Ooh-ooh, growin' up Ooh-ooh, growin' up",1973,0.119,0.804,0.076,-0.533
What Good Am I?,Bob Dylan,"What good am I if I'm like all the rest, If I just turned away, when I see how you're dressed, If I shut myself off so I can't hear you cry, What good am I?[SEP*] What good am I if I know and don't do, If I see and don't say, if I look right through you, If I turn a deaf ear to the thunderin' sky, What good am I?[SEP*] What good am I while you softly weep And I hear in my head what you say in your sleep, And I freeze in the moment like the rest who don't try, What good am I?[SEP*] What good am I then to others and me If I've had every chance and yet still fail to see[SEP*] If my hands tied must I not wonder within Who tied them and why and where must I have been[SEP*] What good am I if I say foolish things And I laugh in the face of what sorrow brings And I just turn my back while you silently die, What good am I?",1989,0.084,0.707,0.209,0.9675
Talk More Talk,Paul McCartney,"A master can highlight the phrases, Sleasy instruments, half talked, half baked ideas... Dad, you didn't say O.K.... The window was open, outside was a spaceship, (A master can highlight the phrases) It took off into the sky Leaving a trail of smoke behind it... [SEP*] Short of the standard. Was it the sun? What was rehearsal? Conventional drum? Not quite a hundred. Less than a ton. Clearly the time came, the plan had begun. [SEP*] With talk, more talk. Chat, more chat. Words of a feather are worn in a hat. Talk, more talk. Chat, more chat. I'm happy to do it for you... [SEP*] Developed since earlier days at the school Cheapest sensations were used as a rule. Outstanding to memory, major free flow. Bio-degradable, look out below for... [SEP*] Talk, more talk, oh I love to hear the gentle sound Of conversation sprinkled around A room where I can be at one with you for... [SEP*] Talk, more talk. Chat, more chat, Words of a feather are worn in a hat. Talk, more talk. Chat, more chat. Happy to do it for you... [SEP*] I'm happy to do it for you... I'm happy to do it for you, I'm happy to do it, I'm happy to do it... I'm happy to do it for you. [SEP*] Digital organ, finishing stretch, Instrumentation, analogue Gretsch. Not quite a thousand, lower than that. Possible bargain for listening at that... [SEP*] Talk, more talk. Chat, more chat. Words of a feather are worn in a hat. Talk, more talk. Chat, more chat. I'm happy to do it for you... [SEP*] All you want is a handyman and all you want is quick service. Because I'm a house owner. I'm a house owner. It may be worth something someday. [SEP*] I hear water going through the pipes. I don't actually like sitting down music. Music is idea. [SEP*] Talk, more talk. Chat, more chat. Words of a feather are worn in a hat. Talk, more talk. Chat, more chat. [SEP*] A master can tell, highlight the phrases his words to digress Grey flannel trousers... Grey flannel trousers. A blazer and grey flannel trousers. [SEP*]",1986,0.029,0.788,0.183,0.995
Spies Like Us,Paul McCartney,"Ooh ooh what do you do No one else can dance like you So what's all the fuss There ain't nobody that spies like us [SEP*] Hey hey what do you say Someone took your plans away So what's all the fuss There ain't nobody that spies like us [SEP*] Hey don't feel afraid Of an undercover aid There's no need to fuss There ain't nobody that spies like us [SEP*] Spies like us We don't know the meaning of fear We play every minute by year [SEP*] One for all and all for one Everybody's on the run Especially at this time of year [SEP*] Ooh ooh what do you do No one else can dance like you So what's all the fuss There ain't nobody got spies like us [SEP*] Hey hey what do you say No one else can look that way So what's all the fuss There ain't nobody that spies like us [SEP*] We get there by hook or by crook We don't do a thing by the book [SEP*] Never needed special clothes How we did it no one knows I guess we must have had what it took [SEP*] Ooh ooh, ooh Oh when things get tough (Oh when things get tough) Guys like us act rough (Guys like us act rough) [SEP*] Hey hey what do you say Someone took your plans away So what's all the fuss There ain't nobody that spies like us [SEP*] Spies like us",1985,0.068,0.809,0.123,0.9252
Bring Me the Disco King,David Bowie,"You promised me the ending would be clear You'd let me know when the time was now Don't let me know when you're opening the door Stab me in the dark, let me disappear[SEP*] Memories that flutter like bats out of Hell Stab you from the city spire Life wasn't worth the balance Or the crumpled paper it was written on Don't let me know we're invisible Don't let me know we're invisible[SEP*] Hot cash days that you trailed around Cold, cold nights under chrome and glass Led me down a river of perfumed limbs Sent me to the street with the good time girl[SEP*] Don't let me know we're invisible Don't let me know we're invisible We could dance, dance, dance through the fire Dance, dance, dance through the fire[SEP*] Feed me no lies I don't know about you, I don't know about you Breathe through the years I don't know about you, I don't know about you Bring me the Disco King I don't know about you, I don't know about you Dead or alive[SEP*] Bring me the Disco King, bring me the Disco King Bring me the Disco King, bring me the Disco King[SEP*] Spin-offs with those who slept like corpses Damp morning rays in the stiff bad clubs Killing time in the 70's Smelling of love through the moist wind[SEP*] Don't let me know when you're opening the door Close me in the dark, let me disappear Soon there'll be nothing left of me Nothing left to release[SEP*] Dance, dance, dance through the fire Dance, dance, dance through the fire[SEP*] Feed me no lies I don't know about you, I don't know about you Breathe through the years I don't know about you, I don't know about you Bring me the Disco King I don't know about you, I don't know about you Dead or alive",2003,0.155,0.781,0.065,-0.984
Death to My Hometown,Bruce Springsteen,"[SEP*] Oh, no cannonballs did fly, no rifles cut us down No bombs fell from the sky, no blood soaked the ground No powder flash blinded the eye, no deathly thunder sound But just as sure as the hand of God, they brought death to my hometown They brought death to my hometown[SEP*] No shells ripped the evening sky, no cities burning down No armies stormed the shores for which we'd die No dictators were crowned I awoke from a quite night, I never heard a sound Marauders raided in the dark and brought death to my hometown, buys Death to my hometown[SEP*] They destroyed our families' factories and they took our homes They left our bodies on the plains, the vultures picked our bones[SEP*] So listen up, my sonny boy, be ready for when they come For they'll be returning sure as the rising sun Now get yourself a song to sing and sing it 'til you're done Yeah, sing it hard and sing it well[SEP*] Send the robber barons straight to hell The greedy thieves who came around And ate the flesh of everything they found Whose crimes have gone unpunished now Who walk the streets as free men now[SEP*] Ah, they brought death to our hometown, boys Death to our hometown, boys Death to our hometown, boys Death to our hometown, whoa!",2012,0.318,0.591,0.092,-0.9972
Stand on It,Bruce Springsteen,"Well, Jimmy Lee was hookin' 'round the far Turn of a funky southern Florida dirt track He had mud caked on his goggles And a screamin' 350 stacked up on his back Well, as he passed the stands, he's feelin' all tuckered out Down through the roar of his engine, he heard somebody shout ""Stand on it, c'mon boy, stand on it""[SEP*] Mary Beth started to drift She hit the shift but she just couldn't get a hand on it Racin' some Red Hill boys She had the deed to the ranch and a grand on it With eight grand blowin' hot on the red line She blew past a hitchhiker out on Route 39 He hollered, ""Stand on it, go 'head baby, stand on it""[SEP*] Well, now when in doubt and you can't figure it out Just stand on it Well, if your mind's confused You don't know what you're gonna do Well buddy, stand on it Well, if you've lost control of the situation at hand Go grab a girl, go see a rock and roll band And stand on it Come on man, stand on it[SEP*] Well, now Columbus he discovered America Even though he hadn't planned on it He got lost and woke up one morning when he's about to land on it He wouldn't of got out of Italy, man, that's for sure Without Queen Isabella standing on the shore Shouting ""Stand on it, go ahead man, stand on it""[SEP*] Yeah, well, when in doubt and you can't figure it out Buddy, stand on it Well, if your mind's confused You don't know what you're gonna do Then buddy, stand on it Well, if you've lost control of the situation at hand Go grab a girl, go see a rock and roll band And stand on it C'mon man, stand on it[SEP*] Bobby was leadin' the pack He settled back and he got ready for the long haul Well, fifty yards from the finish line Somebody roared up and they blew him into the wall Well, he rolled over twice, lucky to survive Layin' in the back of the ambulance, more dead than alive Somebody shouted, ""Man, you call that drivin'? Why didn't you stand on it?""[SEP*] Oh, stand on it C'mon boy, stand on it C'mon man, stand on it C'mon boy, stand on it C'mon, let's stand on it C'mon man, stand on it C'mon, let's stand on it",2014,0.089,0.793,0.118,0.8907
Pretty Thing,David Bowie,"You pretty thing Let me buy you a wedding ring Let me hear the choir sing Oh, you pretty thing[SEP*] You pretty thing Let me walk you down the aisle Darling, wear a lovely smile Oh, you pretty thing[SEP*] Let me kiss you gentle Squeeze and hold you tight Let me give all my love The rest of my life[SEP*] You pretty thing Let me hold you by my side And become my blushing bride You pretty thing[SEP*] Pretty thing Let me dedicate my life You will always be my wife Oh, you pretty thing[SEP*]",1971,0.0,0.634,0.366,0.9926
Out in the Street,Bruce Springsteen,"Put on your best dress baby And darlin', fix your hair up right 'Cause there's a party, honey Way down beneath the neon lights All day you've been working that hard line Now tonight you're gonna have a good time[SEP*] I work five days a week girl Loading crates down on the dock I take my hard earned money And meet my girl down on the block And Monday when the foreman calls time I've already got Friday on my mind[SEP*] When that whistle blows Girl, I'm down the street I'm home, I'm out of my work clothes When I'm out in the street, oh oh oh oh oh I walk the way I want to walk When I'm out in the street, oh oh oh oh oh I talk the way I want to talk When I'm out in the street When I'm out in the street[SEP*] When I'm out in the street, girl Well, I never feel alone When I'm out in the street, girl In the crowd I feel at home The black and whites they cruise by And they watch us from the corner of their eye[SEP*] But there ain't no doubt girl, down here We ain't gonna take what they're handing out When I'm out in the street, oh oh oh oh oh I walk the way I want to walk When I'm out in the street, oh oh oh oh oh I talk the way I want to talk Baby, out in the street I don't feel sad or blue Baby, out in the street I'll be waiting for you[SEP*] When the whistle blows Girl, I'm down the street I'm home, I'm out of my work clothes When I'm out in the street, oh oh oh oh oh I walk the way I want to walk When I'm out in the street, oh oh oh oh oh I talk the way I want to talk[SEP*] When I'm out in the street, oh oh oh oh oh Pretty girls, they're all passing by When I'm out in the street, oh oh oh oh oh From the corner, we give them the eye[SEP*] Baby, out in the street I just feel all right Meet me out in the street, little girl, tonight Yeah, meet me out in the street Meet me out in the street, woah oh Ah, meet me out in the street Oh meet me out in the street Oh meet me out in the street Meet me out in the street Oh darlin' out in the street Meet me out in the street Oh, meet me out in the street Meet me out in the street Oh darlin' out in the street",1980,0.01,0.917,0.073,0.9687
Independence Day,Bruce Springsteen,"Well Papa, go to bed now, it's getting late Nothing we can say is gonna change anything now I'll be leaving in the morning from St. Mary's Gate We wouldn't change this thing even if we could somehow[SEP*] 'Cause the darkness of this house has got the best of us There's a darkness in this town that's got us too But they can't touch me now and you can't touch me now They ain't gonna do to me what I watched them do to you[SEP*] So say goodbye, it's Independence Day It's Independence Day all down the line Just say goodbye, it's Independence Day It's Independence Day this time[SEP*] Now I don't know what it always was with us We chose the words, and yeah, we drew the lines There was just no way this house could hold the two of us I guess that we were just too much of the same kind[SEP*] Well say goodbye, it's Independence Day It's Independence Day, all boys must run away So say goodbye, it's Independence Day All men must make their way come Independence Day[SEP*] Now the rooms are all empty down at Frankie's joint And the highway she's deserted clear down to Breaker's Point There's a lot of people leaving town now, leaving their friends, their homes At night, they walk that dark and dusty highway all alone[SEP*] Well Papa, go to bed now, it's getting late Nothing we can say can change anything now 'Cause there's just different people coming down here now and they see things in different ways And soon everything we've known will just be swept away[SEP*] So say goodbye, it's Independence Day Papa, now I know the things you wanted that you could not say But won't you just say goodbye? It's Independence Day I swear I never meant to take those things away",2014,0.037,0.888,0.076,0.9393
It's Not True,Paul McCartney,"Some people say she's a bad girl Some people think she's a fool Some people tell me she's no good But I'm telling you It's not true, it's not true, it's not true [SEP*] They say that my girl's a mad girl No saying what she might do Some people tell me she's crazy But I'm telling you It's not true, it's not true, it's not true [SEP*] Ooh...ooh...ooh...They've been talking to the fellas Ooh...ooh...ooh...Have they never heard of jealousy? Ooh...ooh...ooh...If she helps me write the melody I'll let the words take care of themselves. [SEP*] It's not true, it's not true, it's not true It's not true, it's not true, it's not true [SEP*] Ooh...ooh...ooh...They've been talking to the fellas Ooh...ooh...ooh...Have they never heard of jealousy? Ooh...ooh...ooh...If she helps me write the memories I'll let the words take care of themselves. [SEP*] Some people say she's a loser Some people tell me that she's through Some people say I don't love her But I'm telling you It's not true, it's not true, it's not true [SEP*] What they're saying about her isn't true Don't you know it isn't true? It's not true... [SEP*]",1986,0.308,0.603,0.089,-0.9944
Bombers,David Bowie,"All clear, wail the sirens Sunshine on the wasteland Old man sitting in the white sand I think we're in for a big surprise Right between the eyes [SEP*] Seemed a good idea To drop a bomb on the wasteland here Only one guy could be seen And he was old and so serene [SEP*] So the general sat in his deck chair And the red light flashed, beware And the pilot felt quite big-time As the bomb sailed through the air [SEP*] Now the captain sang and sang As the bang went bang But their eyes popped out When the smoke began to clear It was positively queer [SEP*] All clear, wail the sirens Sunshine on the wasteland Old man sitting in the white sand Think we're in for a big surprise Right between the eyes [SEP*] ""Die,"" said the General ""Cobblers,"" said the man So the Pentagon sent a cable And the Queen a telegram [SEP*] A-bombs, H-bombs, even very small ones Ripped apart that sand 'Til the stench was just revolting And the sky a greenish tan [SEP*] But the soldier said ""Sir There's a crack in the world"" And the rivers went ""Splash"" And the bits flew far and wide As the universe sighed [SEP*] All clear, wail the sirens Sunshine on the wasteland Old man sitting in the white sand Think we're in for a big surprise Right between the eyes [SEP*] All clear, wail the sirens Sunshine on the wasteland Old man sitting in the white sand Think we're in for a big surprise Right between the eyes [SEP*] When the smoke had blown away There was nothing left to view Except a man, dear Lord, who looked like you Floating high up in the sky",1971,0.033,0.79,0.177,0.9924
Blue Jean,David Bowie,"Blue Jean, I just met a girl named Blue Jean Blue Jean, she got a camouflaged face and no money Remember they always let you down when you need 'em Oh, Blue Jean, is heaven any sweeter than Blue Jean? She got a police bike, she got a turned up nose Sometimes I feel like (oh, the whole human race) Jazzin' for Blue Jean (oh, and when my Blue Jean's blue) Blue Jean can send me (oh, somebody send me) Somebody send me (oh, somebody send me) [SEP*] One day I'm gonna write a poem in a letter One day I'm gonna get that faculty together Remember that everybody has to wait in line For Blue Jean, look out world you know I've got mine She got Latin roots, she got everything Sometimes I feel like (oh, the whole human race) Jazzin' for Blue Jean (oh, and when my Blue Jean's blue) Blue Jean can send me (oh, somebody send me) Somebody send me (oh, somebody send me) [SEP*] Sometimes I feel like (oh, the whole human race) Jazzin' for Blue Jean (oh, and when my Blue Jean's blue) Blue Jean can send me (oh, somebody send me) Somebody send me (oh, somebody send me) [SEP*] Sometimes I feel like (oh, the whole human race) Jazzin' for Blue Jean (oh, and when my Blue Jean's blue) Blue Jean can send me (oh, somebody send me) Somebody send me (oh, somebody send me) Somebody, somebody (oh, somebody send me) Somebody send me (oh, somebody send me)",1984,0.009,0.938,0.053,0.8779
Born to Run,Bruce Springsteen,"In the day we sweat it out on the streets Of a runaway American dream At night we ride through the mansions of glory In suicide machines Sprung from cages on Highway 9 Chrome wheeled, fuel injected, and steppin' out over the line Oh, baby this town rips the bones from your back It's a death trap, it's a suicide rap We gotta get out while we're young 'Cause tramps like us, baby, we were born to run Yes, girl, we were[SEP*] Wendy, let me in, I wanna be your friend I wanna guard your dreams and visions Just wrap your legs 'round these velvet rims And strap your hands 'cross my engines Together we could break this trap We'll run 'til we drop, baby, we'll never go back Oh, will you walk with me out on the wire? 'Cause, baby, I'm just a scared and lonely rider But I gotta know how it feels I want to know if love is wild Babe, I want to know if love is real Oh, can you show me[SEP*] Beyond the Palace, hemi-powered drones Scream down the boulevard Girls comb their hair in rearview mirrors And the boys try to look so hard The amusement park rises bold and stark Kids are huddled on the beach in the mist I wanna die with you, Wendy, on the street tonight In an everlasting kiss[SEP*] The highway's jammed with broken heroes On a last chance power drive Everybody's out on the run tonight But there's no place left to hide Together, Wendy, we can live with the sadness I'll love you with all the madness in my soul Oh, someday, girl, I don't know when We're gonna get to that place Where we really wanna go and we'll walk in the sun But 'til then, tramps like us Baby, we were born to run[SEP*] Oh honey, tramps like us Baby, we were born to run Come on with me, tramps like us Baby, we were born to run",1975,0.114,0.731,0.155,0.9524
Wanderlust,Paul McCartney,"Light out Wanderlust Head us out to sea Captain says there'll be a bust This one's not for me [SEP*] Take us from the dark Out where we can see Captain's out to make his mark This one's not to be [SEP*] Light out Wanderlust Help us to be free Light out Wanderlust Do it just for me Wanderlust [SEP*] Oh, where did I go wrong, my love? What petty crime was I found guilty of? What better time to find a brand new day? Oh - Wanderlust away [SEP*] Light out Wanderlust Help us to be free Light out Wanderlust Do it just for me Wanderlust [SEP*] Captain's out to make his mark This one's not to be [SEP*] Light out wanderlust (Oh where did I go wrong, my love?) Head us out to sea (What petty crime was I found guilty of?) Captain says there'll be a bust (What better time to find a brand new day?) This one's not for me (Oh - wanderlust away) [SEP*] Dropping a line Maybe this time It's wanderlust for me [SEP*]",1982,0.122,0.763,0.115,0.3736
Point Blank,Bruce Springsteen,"Do you still say your prayers, little darling? Do you go to bed at night Praying that tomorrow Everything will be alright? But tomorrows fall in number In number one by one You wake up and you're dying You don't even know what from[SEP*] Well, they shot you point blank You been shot in the back Baby, point blank You been fooled this time, little girl, that's a fact Right between the eyes Baby, point blank Right between the pretty lies that they tell Little girl, you fell[SEP*] You grew up where young girls, they grow up fast You took what you were handed and left behind what was asked But what they asked, baby, wasn't right You didn't have to live that life And I was gonna be your Romeo, you were gonna be my Juliet These days you don't wait on Romeos, you wait on that welfare check And on all the pretty little things that you can never have And all the promises[SEP*] That always end up point blank Shot between the eyes Whoa, point blank Like little white lies you tell to ease the pain You're walking in the sights Girl, point blank And it's one false move And baby, the lights go out[SEP*] Once I dreamed we were together again Baby, you and me Back home in those old clubs The way we used to be We were standing at the bar and it was hard to hear The band was playing loud and you were shouting something in my ear You pulled my jacket off and as the drummer counted four You grabbed my hand and pulled me out on the floor[SEP*] You just stood there and held me, then you started dancing slow And as I pulled you tighter I swore I'd never let you go Well, I saw you last night down on the avenue Your face was in the shadows, but I knew that it was you You were standing in the doorway out of the rain You didn't answer when I called out your name You just turned, and then you looked away Like just another stranger waiting to get blown away[SEP*] Point blank Right between the eyes Whoa (Baby), point blank Right between the pretty lies You fell, point blank Shot straight through the heart Yeah, point blank You've been twisted up 'til you've become just another part of it[SEP*] Point blank You're walking in the sights Point blank Living one false move, just one false move away (Point blank) They caught you in their sights (Oh) Point blank Did you forget how to love? Girl, did you forget how to fight? (Point blank) They must have shot you in the head 'Cause point blank Bang bang, baby, you're dead",1978,0.067,0.82,0.113,0.9664
"Old Siam, Sir",Paul McCartney,"In a village in Old Siam, sir, there's a lady who's lost her way. In an effort to find a man, sir, she found herself in the old UK. She waited 'round in Walthamstowe, she skated 'round in Scarborough. She waited 'round in Walthamstowe, she skated 'round in Scarborough. [SEP*] In a village in old east end, sir, she met a fellow who made her real. Took her rushes to show, this man, sir, he met her dad at the wedding meal. [SEP*] In a letter from Old Siam, sir, came an awful tale of woe. She decided the only answer was to get off a pile of dough. She waited 'round in Walthamstowe, she skated 'round in Scarborough. She waited 'round in Walthamstowe, she skated 'round in Scarborough. [SEP*] When a relative told her man, sir, he directed her not to stay. In a village in Old Siam, sir, there's a lady who's lost her way. [SEP*] In a village in Old Siam, sir, there's a lady who's lost her way. In an effort to find a man, sir, she found herself in the old UK. She waited 'round in Walthamstowe, she skated 'round in Scarborough. She waited 'round in Walthamstowe, she skated 'round in Scarborough. [SEP*] In a village in Old Siam, sir, there's a lady who's lost her way. In an effort to find a man, sir, she found herself in the old UK. Walthamstowe, Scarborough...",1979,0.066,0.934,0.0,-0.9186
So Bad,Paul McCartney,"There is a pain inside my heart You mean so much to me Girl, I love you Girl, I love you so bad[SEP*] And if you leave, my pain will go But that's no good to me Girl, I love you Yes, I love you so bad[SEP*] Well, it feels so good Sometimes it feels so bad This is worse than anything I've ever had[SEP*] There was a pain, but now you're here And I don't fear a thing Girl, I love you Yes, I love you so bad[SEP*] And she said ""Boy, I love you Boy, I love you so bad""[SEP*] Girl, I love you (I love) girl, I love you so bad (I love, I love)[SEP*] Well, it feels so good Sometimes it feels so bad This is worse than anything I've ever had[SEP*] There was a pain, but now you're near And I don't fear a thing (I love) girl, I love you (I love) girl, I love you so bad (I love, I love)[SEP*] And she said (I love) ""Boy, I love you (I love) Boy, I love you so bad""[SEP*] (I love) girl, I love you (I love) girl, I love you[SEP*]",1983,0.212,0.391,0.397,0.9971
Andy Warhol,David Bowie,"Like to take a cement fix Be a standing cinema Dress my friends up just for show See them as they really are Put a peephole in my brain Two new Pence to have a go Like to be a gallery Put you all inside my show [SEP*] Andy Warhol looks a scream Hang him on my wall Andy Warhol, Silver Screen Can't tell them apart at all [SEP*] Andy walking, Andy tired Andy take a little snooze Tie him up when he's fast asleep Send him on a pleasant cruise [SEP*] When he wakes up on the sea Sure to think of me and you He'll think about paint and he'll think about glue What a jolly boring thing to do [SEP*] Andy Warhol looks a scream Hang him on my wall Andy Warhol, Silver Screen Can't tell them apart at all [SEP*] Andy Warhol looks a scream Hang him on my wall Andy Warhol, Silver Screen Can't tell them apart at all",1971,0.079,0.819,0.102,0.5719
It's Hard to Be a Saint in the City,Bruce Springsteen,"I had skin like leather and the diamond-hard look of a cobra I was born blue and weathered but I burst just like a supernova I could walk like Brando right into the sun Then dance just like a Casanova[SEP*] With my blackjack and jacket and hair slicked sweet Silver star studs on my duds like a Harley in heat When I strut down the street I could feel its heartbeat The sisters fell back and said ""Don't that man look pretty""[SEP*] The cripple on the corner cried out ""Nickels for your pity"" Them gasoline boys downtown sure talk gritty It's so hard to be a saint in the city I was the king of the alley, mama, I could talk some trash[SEP*] I was the prince of the paupers crowned downtown at the beggar's bash I was the pimp's main prophet I kept everything cool Just a backstreet gambler with the luck to lose And when the heat came down it was left on the ground[SEP*] The devil appeared like Jesus through the steam in the street Showin' me a hand I knew even the cops couldn't beat I felt his hot breath on my neck as I dove into the heat It's so hard to be a saint when you're just a boy out on the street[SEP*] And the sages of the subway sit just like the living dead As the tracks clack out the rhythm their eyes fixed straight ahead They ride the line of balance and hold on by just a thread But it's too hot in these tunnels you can get hit up by the heat[SEP*] You get up to get out at your next stop but they push you back down in your seat Your heart starts beatin' faster as you struggle to your feet Then you're outa that hole and back up on the street And them South Side sisters sure look pretty[SEP*] The cripple on the corner cries out ""Nickels for your pity"" And them downtown boys they sure talk gritty It's so hard to be a saint in the city",1973,0.104,0.752,0.144,0.9382
1984,David Bowie,"Someday they won't let you, now you must agree The times they are a-telling, and the changing isn't free You've read it in the tea leaves, and the tracks are on TV Beware the savage jaw Of 1984[SEP*] They'll split your pretty cranium and fill it full of air And tell that you're 80, but, brother, you won't care You'll be shooting up on anything, tomorrow's never there Beware the savage jaw Of 1984[SEP*] Come see, come see, remember me? We played out an all-night movie role You said it would last, but I guess we enrolled In 1984 (Who could ask for more?) 1984 (Who could ask for mo-o-o-o-ore?) (Mo-o-o-o-ore)[SEP*] I'm looking for a vehicle, I'm looking for a ride I'm looking for a party, I'm looking for a side I'm looking for the treason that I knew in '65 Beware the savage jaw Of 1984[SEP*] Come see, come see, remember me? We played out an all-night movie role You said it would last, but I guess we enrolled In 1984 (Who could ask for more?) 1984 (Who could ask for mo-o-o-o-ore?) (Mo-o-o-o-ore)",1974,0.101,0.831,0.068,-0.8178
CMon People,Paul McCartney,"Well, we're going to, yeah, we're going to Get it right this time We're going to, really going to Raise it to the sky People are ready to forgive a few mistakes But let's get started, form a party Don't you know how long it takes?[SEP*] C'mon people, let the fun begin We've got a future and it's rushing in Call all the minstrels from the ancient shrine Pass down the message that it's right this time[SEP*] Well, I'm trying to, yeah, I'm crying to Lay it on the line We're trying to, really dying to Get it right this time So many yearning for the way it's gonna be Believe it when you see it happening to you You know it's real[SEP*] C'mon people, let the world begin We've got a future and it's charging in We'll make the best of all we have and more We'll do what never has been done before Oh yeah Oh yeah, oh yeah Oh yeah Oh yeah, oh yeah[SEP*] Well, I'm going to, yeah, I'm going to Get it right this time I'm going to, really going to Raise it to the sky I must admit I may have made a few mistakes But let's get started, from a party Don't you know how long it takes?[SEP*] So c'mon people, let the fun begin We've got a future and it's rushing in Call all the minstrels from the ancient shrine Pass down the message that it's right this time Oh yeah Oh yeah, oh yeah Oh yeah Oh yeah, oh yeah[SEP*] C'mon people, let the world begin We've got a future and it's charging in So c'mon people C'mon, c'mon, c'mon, c'mon, c'mon, c'mon C'mon people, oh yeah C'mon, c'mon Yeah, c'mon people",1993,0.027,0.73,0.243,0.9968
Here Today,Paul McCartney,"And if I said I really knew you well What would your answer be If you were here today? Ooh Here today [SEP*] Well, knowing you, you'd probably laugh And say that we were worlds apart If you were here today, ooh Here today [SEP*] But as for me I still remember how it was before And I am holding back the tears no more Ooh, I love you, ooh [SEP*] What about the time we met? (What about the time we met?) Well, I suppose that you could say that we were playing hard to get Didn't understand a thing But we could always sing [SEP*] What about the night we cried? (What about the night we cried?) Because there wasn't any reason left to keep it all inside? Never understood a word But you were always there with a smile [SEP*] And if I say I really loved you And was glad you came along Then you were here today, ooh For you were in my song, ooh Here today",1982,0.055,0.778,0.167,0.97
The Ballad of Frankie Lee and Judas Priest,Bob Dylan,"Frankie Lee and Judas Priest They were the best of friends So when Frankie Lee needed money one day Judas quickly pulled out a roll of tens placed them on a footstool Just above the plotted plain Sayin', ""Take your pick, Frankie Boy My loss will be your gain""[SEP*] Well, Frankie Lee, he sat right down Put his fingers to his chin With the cold eyes of Judas on him His head began to spin ""Could ya please not stare at me like that, "" he said ""It's just my foolish pride But sometimes a man must be alone And this is no place to hide""[SEP*] Well, Judas, he just winked and said ""All right, I'll leave you here But you'd better hurry up and choose Which of those bills you want, before they all disappear"" ""I'm gonna start my pickin' right now Just tell me where you'll be"" Judas pointed down the road And said, ""Eternity""[SEP*] ""Eternity?"", said Frankie Lee With a voice as cold as ice ""That's right"", said Judas, ""Eternity Though you might call it 'Paradise'"" ""I don't call it anything"" Said Frankie Lee with a smile ""All right"", said Judas Priest ""I'll see you after a while""[SEP*] Well, Frankie Lee, he sat back down Feelin' low and mean When just then a passing stranger Burst upon the scene Saying, ""Are you Frankie Lee, the gambler Whose father's deceased? Well, if you are, there's a fellow callin' you, down the road And they say his name is Priest""[SEP*] ""Oh, yes, he is my friend"" Said Frankie Lee in fright ""I do recall him very well In fact, he just left my sight"" ""Yes, that's the one, "" said the stranger As quiet as a mouse ""Oh, my message is, he's down the road Stranded in a house""[SEP*] Well, Frankie Lee, he panicked He dropped everything and ran Until he came on to the spot Where Judas Priest did stand ""What kind of house is this, "" he said ""Where I have come to roam?"" ""It's not a house"", says Judas Priest ""It's not a house, it's a home""[SEP*] Well, Frankie Lee, he trembled He soon lost all control Over everything which he had made While the mission bells did toll He just stood there staring At that big house as bright as any sun With four and twenty windows And a woman's face in every one[SEP*] Well, up the stairs ran Frankie Lee With a soulful, bounding leap And foaming at the mouth He began to make his midnight creep For sixteen nights and days he raved But on the seventeenth he burst Into the arms of Judas Priest Which is where he died of thirst[SEP*] No one tried to say a thing When they carried him out in jest Except, of course, the little neighbor boy Who carried him to rest And he just walked along, alone With his guilt so well concealed And muttered underneath his breath ""Nothing is revealed""[SEP*] Well, the moral of the story The moral of this song Is simply that one should never be Where one does not belong So when you see your neighbor carrying somethin' Help him with his load And don't go mistaking Paradise For that home across the road",1967,0.08,0.811,0.109,0.9386
Dirge,Bob Dylan,"I hate myself for lovin' you and the weakness that it showed You were just a painted face on a trip down Suicide Road. The stage was set, the lights went out all around the old hotel, I hate myself for lovin' you and I'm glad the curtain fell.[SEP*] I hate that foolish game we played and the need that was expressed And the mercy that you showed to me, who ever would have guessed? I went out on Lower Broadway and I felt that place within, That hollow place where martyrs weep and angels play with sin.[SEP*] Heard your songs of freedom and man forever stripped, Acting out his folly while his back is being whipped. Like a slave in orbit, he's beaten 'til he's tame, All for a moment's glory and it's a dirty, rotten shame.[SEP*] There are those who worship loneliness, I'm not one of them, In this age of fiberglass I'm searching for a gem. The crystal ball up on the wall hasn't shown me nothing yet, I've paid the price of solitude, but at last I'm out of debt.[SEP*] Can't recall a useful thing you ever did for me 'Cept pat me on the back one time when I was on my knees. We stared into each other's eyes 'til one of us would break, No use to apologize, what diff'rence would it make?[SEP*] So sing your praise of progress and of the Doom Machine, The naked truth is still taboo whenever it can be seen. Lady Luck, who shines on me, will tell you where I'm at, I hate myself for lovin' you, but I should get over that.",1973,0.154,0.739,0.107,-0.9131
Can You Hear Me?,David Bowie,"Once we were lovers Can they understand? Closer than others I was your I was your man Don't talk of heartaches Ooh, I remember them all And I'm checking you out one day To see if I'm faking it all[SEP*] Can you hear me? Can you feel me inside? Show your love, love Take it in right (Take it in right) Take it in right (Take it in right)[SEP*] There's been many others So many times Sixty new cities, and what do I What do I find? I want love so badly I want you most of all You know, it's harder to take it from anyone It's harder to fall Can you hear me call you?[SEP*] Can you (Hear me?) Can you (Feel me inside?) Show your (Love, love) Take it in right (Take it in right) Take it in right (Take it in right)[SEP*] Well, can you hear me? (Yeah) Can you feel me inside? (I do) Show your love Show me your sweet, sweet love (Love, love) Show me your love Take it in right (Take it in right) Take it in right, yeah (Take it in right) Take it in right to your love life, baby",1975,0.027,0.77,0.203,0.9909
Everything Is Broken,Bob Dylan,"Broken lines, broken strings Broken threads, broken springs Broken idols, broken heads People sleeping in broken beds Ain't no use jiving, ain't no use joking Everything is broken[SEP*] Broken bottles, broken plates Broken switches, broken gates Broken dishes, broken parts Streets are filled with broken hearts Broken words never meant to be spoken Everything is broken[SEP*] Seem like every time you stop and turn around Something else just hit the ground[SEP*] Broken cutters, broken saws Broken buckles, broken laws Broken bodies, broken bones Broken voices on broken phones Take a deep breath, feel like you're choking Everything is broken[SEP*] Every time you leave and go off someplace Things fall to pieces in my face[SEP*] Broken hands on broken ploughs Broken treaties, broken vows Broken pipes, broken tools People bending broken rules Hound dog howling, bull frog croaking Everything is broken",1989,0.518,0.442,0.04,-0.9985
As I Went Out One Morning,Bob Dylan,"As I went out one morning To breathe the air around Tom Paine's I spied the fairest damsel That ever did walk in chains I offer'd her my hand She took me by the arm I knew that very instant She meant to do me harm[SEP*] Depart from me this moment I told her with my voice Said she, but I don't wish to Said I, But you have no choice I beg you, sir, she pleaded From the corners of her mouth I will secretly accept you And together we'll fly south[SEP*] Just then Tom Paine, himself Came running from across the field Shouting at this lovely girl And commanding her to yield And as she was letting go her grip Up Tom Paine did run I'm sorry, sir, he said to me I'm sorry for what she's done",1967,0.074,0.846,0.08,0.6011
Brilliant Disguise,Bruce Springsteen,"I hold you in my arms As the band plays What are those words whispered, baby Just as you turn away? [SEP*] I saw you last night Out on the edge of town I want to read your mind to know Just what I've got in this new thing I've found [SEP*] So tell me what I see When I look in your eyes? Is that you, baby Or just a brilliant disguise? [SEP*] I heard somebody call your name From underneath our willow I saw something tucked in shame Underneath your pillow [SEP*] Well, I've tried so hard baby But I just can't see What a woman like you Is doing with me [SEP*] So tell me who I see When I look in your eyes? Is that you, baby Or just a brilliant disguise? [SEP*] Now look at me, baby Struggling to do everything right And then it all falls apart Oh, when out go the lights [SEP*] I'm just a lonely pilgrim I walk this world in wealth I want to know if it's you I don't trust 'Cause I damn sure don't trust myself [SEP*] Now, you play the loving woman I'll play the faithful man But just don't look too close Into the palm of my hand [SEP*] Oh, we stood at the altar The gypsy swore our future was bright But come the wee-wee hours Well maybe, baby, the gypsy lied [SEP*] So when you look at me You better look hard and look twice Is that me, baby Or just a brilliant disguise? [SEP*] Tonight our bed is cold I'm lost in the darkness of our love God have mercy on the man Who doubts what he's sure of",1987,0.114,0.655,0.232,0.992
I Threw It All Away,Bob Dylan,"I once held her in my arms She said she would always stay But I was cruel I treated her like a fool I threw it all away[SEP*] Once I had mountains in the palm of my hand And rivers that ran through every day I must have been mad I never knew what I had Until I threw it all away[SEP*] Love is all there is, it makes the world go 'round Love and only love, it can't be denied No matter what you think about it You just won't be able to do without it Take a tip from one who's tried[SEP*] So if you find someone that gives you all of her love Take it to your heart, don't let it stray For one thing that's certain You will surely be a-hurtin' If you throw it all away If you throw it all away",1969,0.075,0.681,0.245,0.9855
Darkness on the Edge of Town,Bruce Springsteen,"They're still racing out at the Trestles But that blood it never burned in her veins Now I hear she's got a house up in Fairview And a style she's trying to maintain[SEP*] Well if she wants to see me You can tell her that I'm easily found Tell her there's a spot out 'neath Abram's Bridge And tell her there's a darkness on the edge of town There's a darkness on the edge of town[SEP*] Well, everybody's got a secret, Sonny Something that they just can't face Some folks spend their whole lives trying to keep it They carry it with them every step that they take[SEP*] 'Til someday they just cut it loose Cut it loose or let it drag 'em down Where no one asks any questions Or looks too long in your face In the darkness on the edge of town In the darkness on the edge of town[SEP*] Now some folks are born into a good life And other folks get it anyway, anyhow Well now I lost my money and I lost my wife Them things don't seem to matter much to me now[SEP*] Tonight I'll be on that hill 'cause I can't stop I'll be on that hill with everything I got Lives on the line where dreams are found and lost I'll be there on time and I'll pay the cost For wanting things that can only be found In the darkness on the edge of town In the darkness on the edge of town",1978,0.153,0.769,0.079,-0.9504
Private Property,Paul McCartney,"private property, don't run off with it, you'll be breaking the law. Love monopoly, my philosophy, don't go fooling with private property.[SEP*] 'Cause she's mine, she belongs to me, and we'll get on fine as long as you agree that she's mine private property, private property.[SEP*] Private property, don't run after it, you'll be facing a charge. Have some common sense, you get off the fence, don't go fooling with private property.[SEP*] It's known when we're in a crowd, that there's gonna be no trespassing allowed. 'Cause she's mine private property, private property.[SEP*] How can I disagree? She insists that it's all for me.[SEP*]",1981,0.043,0.841,0.116,0.8029
Early Days,Paul McCartney,"They can't take it from me, if they try I lived through those early days So many times I had to change the pain to laughter Just to keep from getting crazed [SEP*] Dressed in black from head to toe Two guitars across our backs We would walk the city roads Seeking someone who would listen to the music That we were writing down at home [SEP*] But they can't take it from me, if they try I lived through those early days So many times I had to change the pain to laughter Just to keep from getting crazy [SEP*] Hair slicked back with Vaseline Like the pictures on the wall Of the local record shop Hearing noises we were destined to remember We willed the thrill to never stop [SEP*] May sweet memories of friends from the past Always come to you, when you look for them And your inspiration, long may it last May it comes to you time and time again [SEP*] Now everybody seems to have their own opinion Who did this and who did that But as for me I don't see how they can remember When they weren't where it was at [SEP*] And they can't take it from me, if they try I lived through those early days So many times I had to change the pain to laughter Just to keep from getting crazy [SEP*] I lived through those early days I lived through those early days [SEP*]",2013,0.086,0.807,0.107,0.8157
The Ties That Bind,Bruce Springsteen,"You've been hurt and you're all cried out, you say You walk down the street pushin' people out of your way You've packed your bags and all alone you wanna ride You don't want nothin', don't need no one by your side[SEP*] You're walkin' tough baby, but you're walkin' blind To the ties that bind The ties that bind Now you can't break the ties that bind[SEP*] A cheap romance, you say it's all just, just a crutch You don't want nothin' that anybody can touch You're so afraid of being somebody's fool Not walkin' tough baby, not walkin' cool[SEP*] You walk cool, but darlin', can you walk the line? And face the ties that bind The ties that bind Now you can't break the ties that bind[SEP*] Oh I'd, I'd rather feel the hurt inside, yes I would darling Than know, than know the emptiness your heart must hide Yes I would darling, yes I would darling Yes I would baby[SEP*] You sit and wonder just who's gonna stop the rain Who'll ease the sadness, who's gonna quiet your pain? It's a long dark highway and a thin white line Connecting baby, your heart to mine[SEP*] We're runnin' now but darlin' we will stand in time To face the ties that bind The ties that bind Now you can't break the ties that bind You can't forsake the ties that bind",1980,0.16,0.7,0.14,0.4449
"If You See Her, Say Hello",Bob Dylan,"If you see her, say hello She might be in Tangier She left here last early spring Is livin' there, I hear[SEP*] Say for me that I'm all right Though things get kind of slow She might think that I've forgotten her Don't tell her it isn't so[SEP*] We had a falling-out Like lovers often will And to think of how she left that night It still brings me a chill[SEP*] And though our separation It pierced me to the heart She still lives inside of me We've never been apart[SEP*] If you get close to her Kiss her once for me Always have respected her For doin' what she did and gettin' free[SEP*] Oh, whatever makes her happy I won't stand in the way Though the bitter taste still lingers on From the night I tried to make her stay[SEP*] I see a lot of people As I make the rounds And I hear her name here and there As I go from town to town[SEP*] And I've never gotten used to it I've just learned to turn it off Either I'm too sensitive Or else I'm gettin' soft[SEP*] Sundown, yellow moon I replay the past I know every scene by heart They all went by so fast[SEP*] If she's passin' back this way I'm not that hard to find Tell her she can look me up If she's got the time",1974,0.02,0.895,0.085,0.9371
From a Lover to a Friend,Paul McCartney,And when the time comes round We will be duty bound To tell the truth of what we've seen And what we haven't found Will not be going down Despite too easy ride to see From a lover to a friend Take your own advice Let me love again Now that you turned out to be Someone I can trust Someone I believe Ohh la la la How can I walk when I can't find a way I have a dilemma All I want is to tell me You're going to take it away From a lover to a friend Take your own advice Let me love again Now that you turned out to be Someone I can trust Someone I believe [SEP*] And what we haven't found Will not be going down Despite too easy ride to see From a lover to a friend You turned out to be Someone I believe From a lover to a friend Take your own advice Let me love again Ohh la la la How can I walk when I can't find a way I have a dilemma All I want is to tell me You're going to take it away From a lover to a friend From a lover to a friend From a lover to a friend Let me love again,2001,0.033,0.653,0.314,0.997
Saving Grace,Bob Dylan,"If You find it in Your heart, can I be forgiven? Guess I owe You some kind of apology. I've escaped death so many times, I know I'm only living By the saving grace that's over me.[SEP*] By this time I'd-a thought I would be sleeping In a pine box for all eternity. My faith keeps me alive, but I still be weeping For the saving grace that's over me.[SEP*] Well, the death of life, then come the resurrection, Wherever I am welcome is where I'll be. I put all my confidence in Him, my sole protection Is the saving grace that's over me.[SEP*] Well, the devil's shining light, it can be most blinding, But to search for love, that ain't no more than vanity. As I look around this world all that I'm finding Is the saving grace that's over me.[SEP*] The wicked know no peace and you just can't fake it, There's only one road and it leads to Calvary. It gets discouraging at times, but I know I'll make it By the saving grace that's over me.",1980,0.107,0.651,0.243,0.9828
Under the Red Sky,Bob Dylan,"There was a little boy and there was a little girl And they lived in an alley under the red sky There was a little boy and there was a little girl And they lived in an alley under the red sky[SEP*] There was an old man and he lived in the moon One summer's day he came passing by There was an old man and he lived in the moon And one day he came passing by[SEP*] Someday little girl, everything for you is gonna be new Someday little girl, you'll have a diamond as big as your shoe[SEP*] Let the wind blow low, let the wind blow high One day the little boy and the little girl were both baked in a pie Let the wind blow low, let the wind blow high One day the little boy and the little girl were both baked in a pie[SEP*] This is the key to the kingdom and this is the town This is the blind horse that leads you around[SEP*] Let the bird sing, let the bird fly One day the man in the moon went home and the river went dry Let the bird sing, let the bird fly The man in the moon went home and the river went dry",1990,0.033,0.956,0.011,-0.5423
All The Madmen,David Bowie,"Day after day They send my friends away To mansions cold and grey To the far side of town Where the thin men stalk the streets While the sane stay underground [SEP*] Day after day They tell me I can go They tell me I can blow To the far side of town Where it's pointless to be high 'Cause it's such a long way down [SEP*] Day after day They take some brain away Then turn my face around To the far side of town And tell me that it's real Then ask me how I feel [SEP*] Here I stand Foot in hand Talking to my wall I'm not quite right at all [SEP*] Don't set me free I'm as helpless as can be My libido's split on me Gimme some good ol' lobotomy [SEP*] 'Cause I'd rather stay here With all the madmen Than perish with the sad men Roaming free [SEP*] And I'd rather play here With all the madmen For I'm quite content They're all as sane as me [SEP*] Zane, Zane, Zane Ouvre le Chien [SEP*]",1970,0.062,0.868,0.069,0.0762
One More Cup of Coffee,Bob Dylan,"Your breath is sweet, your eyes are like two jewels in the sky Your back is straight, your hair is smooth on the pillow where you lie But I don't sense affection, no gratitude or love Your loyalty is not to me but to the stars above[SEP*] One more cup of coffee for the road One more cup of coffee 'fore I go To the valley below[SEP*] Your daddy, he's an outlaw and a wanderer by trade He'll teach you how to pick and choose, and how to throw the blade He oversees his kingdom, so no stranger does intrude His voice, it trembles as he calls out for another plate of food[SEP*] One more cup of coffee for the road One more cup of coffee 'fore I go To the valley below[SEP*] Your sister sees the future like your mama and yourself You've never learned to read or write, there's no books upon your shelf And your pleasure knows no limits, your voice is like a meadow lark But your heart is like an ocean, mysterious and dark[SEP*] One more cup of coffee for the road One more cup of coffee 'fore I go To the valley below",1975,0.021,0.775,0.204,0.9909
Is Your Love in Vain,Bob Dylan,"Do you love me, or are you just extending goodwill? Do you need me half as bad as you say, or are you just feeling guilt? I've been burned before and I know the score So you won't hear me complain Will I be able to count on you Or is your love in vain?[SEP*] Are you so fast that you cannot see that I must have solitude? When I am in the darkness, why do you intrude? Do you know my world, do you know my kind Or must I explain? Will you let me be myself Or is your love in vain?[SEP*] Well I've been to the mountain, and I've been in the wind I've been in and out of happiness I have dined with kings, I've been offered wings And I've never been too impressed[SEP*] All right, I'll take a chance, I will fall in love with you If I'm a fool, you can have the night, you can have the morning too Can you cook and sew, make flowers grow Do you understand my pain? Are you willing to risk it all Or is your love in vain?[SEP*] Can you cook and sew, make flowers grow Do you understand my pain? Are you willing to risk it all Or is your love in vain?",1978,0.135,0.708,0.157,0.8694
This Never Happened Before,Paul McCartney,I'm very sure This never happened to me before I met you and now I'm sure This never happened before[SEP*] Now I see This is the way it's supposed to be I met you and now I see This is the way it should be[SEP*] This is the way it should be for lovers They shouldn't go it alone It's not so good when you're on your own[SEP*] So come to me Now we can be what we want to be I love you and now I see This is the way it should be This is the way it should be[SEP*] This is the way it should be for lovers They shouldn't go it alone It's not so good when you're on your own[SEP*] I'm very sure This never happened to me before I met you and now I'm sure This never happened before (This never happened before) This never happened before (This never happened before) This never happened before (This never happened before),2005,0.034,0.819,0.147,0.9524
Pipes of Peaces,Paul McCartney,"I light a candle to our love In love our problems disappear But all in all, we'll soon discover That one and one is all we long to hear[SEP*] All around the world Little children being born to the world Got to give them all we can 'til the war is won Then will the work be done?[SEP*] Help them to learn (Help them to learn) Songs of joy instead of ""burn, baby, burn"" (Burn, baby, burn) Let us show them how to play the pipes of peace Play the pipes of peace[SEP*] Help me to learn Songs of joy instead of ""burn, baby, burn"" Won't you show me how to play (How to play) The pipes of peace? (Pipes of peace) Play the pipes of peace[SEP*] What do you say? (Do you say) Will the human race be run in a day? (In a day) Or will someone save this planet we're playing on? Is it the only one? What are we going to do?[SEP*] Help them to see (Help them to see) That the people here are like you and me (Like you and me) Let us show them how to play (How to play) The pipes of peace (Pipes of peace) Play the pipes of peace Ooh, ooh, ooh, ooh[SEP*] I light a candle to our love In love our problems disappear But all in all, we soon discover That one and one is all we long to hear",1983,0.045,0.641,0.313,0.9983
Seven Days,Bob Dylan,"Your breath is sweet, your eyes are like two jewels in the sky Your back is straight, your hair is smooth on the pillow where you lie But I don't sense affection, no gratitude or love Your loyalty is not to me but to the stars above[SEP*] One more cup of coffee for the road One more cup of coffee 'fore I go To the valley below[SEP*] Your daddy, he's an outlaw and a wanderer by trade He'll teach you how to pick and choose, and how to throw the blade He oversees his kingdom, so no stranger does intrude His voice, it trembles as he calls out for another plate of food[SEP*] One more cup of coffee for the road One more cup of coffee 'fore I go To the valley below[SEP*] Your sister sees the future like your mama and yourself You've never learned to read or write, there's no books upon your shelf And your pleasure knows no limits, your voice is like a meadow lark But your heart is like an ocean, mysterious and dark[SEP*] One more cup of coffee for the road One more cup of coffee 'fore I go To the valley below",1976,0.021,0.775,0.204,0.9909
Ballroom Dancing,Paul McCartney,"Well, I used to smile when I was a pup Sailing down the Nile in a china cup With the recipe for a lovely day Sticking out of my back pocket But it wasn't always such a pretty sight 'Cause we used to fight like cats and dogs Then we made it up in the ballroom Ballroom dancing made a man of me [SEP*] One, two, three, four I just plain adore your ballroom dancing Seen it on TV I got what I got from ballroom dancing Big B.D. [SEP*] Well, I used to fly when I was a kid And I didn't cry if it hurt a bit On a carpet ride to a foreign land At the time of Davy Crockett But it wasn't always such a pretty sight 'Cause we used to fight like cats and dogs Till we made it up in the ballroom Ballroom dancing made a man of me [SEP*] One, two, three, four I just plain adore your ballroom dancing Seen it on TV I got quite a lot from ballroom dancing Big B.D. [SEP*] ... I can tell you the band is ready. We're starting with the first of five dancers in this competition: that's the cha-cha-cha! [SEP*] Well, it went so fast and we all grew up Now the days that passed in the china cup Are the memories of another day And I wouldn't want to knock it But it wasn't always such a pretty sight 'Cause we used to fight like cats and dogs Then we made it up in the ballroom Ballroom dancing made a man of me [SEP*] One, two, three, four I just plain adore your ballroom dancing Seen it on TV I got quite a lot from ballroom dancing Big B.D. [SEP*]",1982,0.086,0.777,0.137,0.9419
Never Say Goodbye,Bob Dylan,"Twilight on the frozen lake North wind about to break On footprints in the snow Silence down below.[SEP*] You're beautiful beyond words You're beautiful to me You can make me cry Never say goodbye.[SEP*] My dreams are made of iron and steel With a big bouquet Of roses hanging down From the heavens to the ground.[SEP*] The crashing waves roll over me As I stand upon the sand Wait for you to come And grab hold of my hand.[SEP*] Oh, baby, baby, baby blue You'll change your last name, too You've turned your hair to brown Love to see it hangin' down.",1973,0.027,0.797,0.177,0.9552
Only Love Remains,Paul McCartney,"And if you take your love away from me, I'm only going to want it back. I'll probably pretend I didn't see, But knowing me, I'll want you back again, and again 'Til the word has lost it's meaning, And love is all that stays. only love remains.[SEP*] If you should ever feel that something's wrong, I'm going to want to put it right, To bring a happy ending to our song, I'll carry on believing in a love. If your love was to trickle through my fingers, What would it leave me with? Only love remains. Only love[SEP*] Old enough and strong enough to stretch across the world. Taking the sand inside an oyster, changing it into a pearl. Making another magic transformation, Find the right boy for the right girl.[SEP*] When all our friends have gone away and we're alone, There's nothing left to show about, Together we'll explore the great unknown. I'd say we won't be going out tonight, Let tonight be the one that we remember, When love is all that stays, Only love remains Only love remains",1986,0.049,0.634,0.317,0.9974
Be True,Bruce Springsteen,"Your scrapbook's filled with pictures of all your leading men Well baby, don't put my picture in there with them Don't make us some little girl's dream that can't ever come true That only serves to hurt and make you cry like you do [SEP*] Well baby, don't do it to me and I won't do it to you You see all the romantic movies, you dream and take the boys home But when the action fades, you're left all alone You deserve better than this, little girl, can't you see that you do? Do you need somebody to prove it to you? [SEP*] Well, you prove it to me and I'll prove it to you Now every night you go out looking for true love's satisfaction But in the morning, you end up settling for La-la-la-lights, camera, action, whoa-ooh [SEP*] And another cameo role with some bit player you're befriending You're gonna go broken-hearted looking for that happy ending Well girl, you're gonna end up just another lonely ticket sold Cryin' alone in the theater as the credits roll [SEP*] You say, I'll be like those other guys Who filled your head with pretty lies And dreams that can never come true Well baby, you be true to me And I'll be true to you",1998,0.115,0.711,0.173,0.9322
My City of Ruins,Bruce Springsteen,"There's a blood red circle on the cold dark ground And the rain is falling down The church door's thrown open, I can hear the organ's song But the congregation's gone[SEP*] My city of ruins My city of ruins[SEP*] Now the sweet bells of mercy drift through the evening trees Young men on the corner, like scattered leaves The boarded up windows, the empty streets While my brother's down on his knees[SEP*] My city of ruins My city of ruins Come on, rise up Come on, rise up[SEP*] Now there's tears on the pillow, darlin', where we slept And you took my heart when you left Without your sweet kiss my soul is lost, my friend Tell me, how do I begin again?[SEP*] My city's in ruins My city's in ruins[SEP*] Now, with these hands, with these hands With these hands, with these hands I pray, Lord (with these hands, with these hands) I pray for the strength, Lord (with these hands, with these hands) Yeah, I pray for the faith, Lord (with these hands, with these hands) Pray for your love, Lord (with these hands, with these hands)[SEP*] I pray for the strength, Lord (with these hands, with these hands) I pray for your love, Lord (with these hands, with these hands) Pray for the faith, Lord (with these hands), alright (with these hands) I pray for the strength, Lord (with these hands), come on, come on (with these hands)",2002,0.111,0.635,0.254,0.9935
Back in Brazil,Paul McCartney,"Back in Brazil There lives a girl Dreams of the future And a far, far better world Back in Brazil She meets a man He's tall and handsome And he fits in with her plan Bright lights ahead Music and fun Nights are for dancing And the days for the sun [SEP*] All kinds of weather, will surely come and go But they're together And together they will steal the show Wooh ooh ooh Ichiban! Ichiban! Ichiban! Ichiban! Ichiban! Ichiban! Ichiban! Ban! Ban! Ban! Ban! Ban! Ban! Ooh [SEP*] Back in Brazil She makes a date He has to cancel 'Cause they got him working late Back in Brazil She feels afraid Hope starts to crumble And her dreams begin to fade Her lights are out She's gone to bed Nights are for sleeping If a girl's to get ahead [SEP*] Even the weather Has started changing too But they'll be together And together they will make it through Ichiban! Ichiban! Ichiban! Ichiban! Ichiban! Ichiban! Ichiban! [SEP*] So we raise a family as the clouds roll by Making pictures of us in the sky The kids are happy and they don't ask why Pa-pa-pa-pa-pa you and I [SEP*]",2018,0.162,0.732,0.106,-0.9636
Mary Queen of Arkansas,Bruce Springsteen,"Mary Queen of Arkansas It's not too early for dreamin' The sky is grown with cloud seed sown And a bastard's love can be redeeming Mary, my queen Your soft hulk is reviving No, you're not too late to desecrate The servants are just rising[SEP*] Well, I'm just a lonely acrobat The live wire is my trade I've been a shine boy for your acid brat And a wharf rat of your state Mary, my queen Your blows for freedom are missing Oh, you're not man enough for me to hate Or woman enough for kissing[SEP*] Oh, the big top is for dreamers We can take the circus All the way to the border Oh, and the gallows wait for martyrs Whose papers are in order But I was not born to live to die And you were not born for queenin' Oh, it's not too late to infiltrate The servants are just leavin'[SEP*] Mary queen of Arkansas Your white skin is deceivin' You wake and wait, ooh, to lie in bait And you almost got me believin' But on your bed, Mary I can see the shadow of a noose Oh, I don't understand How you can hold me so tight And love me so damn loose[SEP*] But I know a place Where we can go, Mary Where I can get a good job And start out all over again clean Oh, I got contacts deep in Mexico Where the servants have been seen",1973,0.077,0.832,0.091,0.5709
Radio Nowhere,Bruce Springsteen,"I was tryin' to find my way home But all I heard was a drone Bouncing off a satellite Crushin' the last lone American night[SEP*] This is radio nowhere, is there anybody alive out there? This is radio nowhere, is there anybody alive out there?[SEP*] I was spinnin' 'round a dead dial Just another lost number in a file Dancin' down a dark hole Just searchin' for a world with some soul[SEP*] This is radio nowhere, is there anybody alive out there? This is radio nowhere, is there anybody alive out there? Is there anybody alive out there?[SEP*] I just want to hear some rhythm I just want to hear some rhythm I just want to hear some rhythm I just want to hear some rhythm[SEP*] I want a thousand guitars I want pounding drums I want a million different voices speaking in tongues[SEP*] This is radio nowhere, is there anybody alive out there? This is radio nowhere, is there anybody alive out there? Is there anybody alive out there?[SEP*] I was driving through the misty rain Yeah searchin' for a mystery train Boppin' through the wild blue Tryin' to make a connection with you[SEP*] This is radio nowhere, is there anybody alive out there? This is radio nowhere, is there anybody alive out there? Is there anybody alive out there?[SEP*] I just want to feel some rhythm I just want to feel some rhythm[SEP*]",2007,0.045,0.736,0.219,0.9883
Prisoner of Love,David Bowie,"Don't look back Whatever it takes to save your life I've believe I belonged to you For a long time And my heart says no, no one but you[SEP*] Like a rescue on a darkened street Love walked into town I was a victim of my own self-persecution I'm a prisoner of love But I'm coming up for air[SEP*] Now don't be fooled by fools who promise you The world and all that glitters more fool you I'm such a hungry man that I beg you Over and over and over and over And I might take any highway to be there with you[SEP*] Even the best men shiver in their beds I'm loving you above everything I have I'm a prisoner of love I'm a prisoner of love Just stay square[SEP*] Like a sermon on blues guitar Love walked into town I was drowning so slowly One step in front of your shadow I'm a prisoner of love But I'm coming up for air[SEP*] Now don't be fooled by fools who promise you The world and all that glitters more fool you I smell the sickness sown in this city It drives me to hide you, yeah, even deceive you I'm so afraid for you that I'll break any thug Who maps out your passage to ruin[SEP*] Even the best men shiver in their beds I'm loving you above everything I have I'm a prisoner of love I'm a prisoner of love Just stay square[SEP*] Take care, take care I'm a prisoner of love Just stay square Just stay square Stay out of the shooting gallery Just stay square[SEP*]",1989,0.174,0.54,0.286,0.9944
Daytime Nighttime Suffering,Paul McCartney,"What does she get for all the love she gave you There on the ladder of regrets? Mighty river, give her all she gets What does she get for all the love she gave you There on the ladder of regrets? Daytime nighttime suffering is all she gets Where are all the prizes for the games she entered With little chance of much success? Daytime nighttime suffering is all she gets [SEP*] Come on river, overflow Let your love for your people show Come on river, flow through me Let your love for your people be You are the river, I am the stream Flow mighty river through me [SEP*] What does it pay to play the leading lady When like the damsel in distress Daytime nighttime suffering is all she gets No less, no more (No less, no more) No sea, no shore (No sea, no shore) No sand, no pail (No sand, no pail) No fairy tale anymore [SEP*] Come on river, flow through me Don't be stopped by insanity Come on river, overflow Let your love for your neighbors grow You are the river, I am the stream Flow mighty river, through me [SEP*] Daytime nighttime suffering Is all she gets Daytime nighttime suffering Is all she gets Daytime nighttime suffering Is all she gets [SEP*] What does she get for all the love she gave you?",1979,0.188,0.67,0.142,-0.7294
Hungry Heart,Bruce Springsteen,"Got a wife and kids in Baltimore, Jack I went out for a ride and I never went back Like a river that don't know where it's flowing I took a wrong turn and I just kept going[SEP*] Everybody's got a hungry heart Everybody's got a hungry heart Lay down your money and you play your part Everybody's got a h-h-hungry heart[SEP*] I met her in a Kingstown bar We fell in love, I knew it had to end We took what we had and we ripped it apart Now here I am down in Kingstown again[SEP*] Everybody's got a hungry heart Everybody's got a hungry heart Lay down your money and you play your part Everybody's got a h-h-hungry heart[SEP*] La-la-la-la-la-la, oh yeah La-la-la-la-la-la Everybody needs a place to rest Everybody wants to have a home Don't make no difference what nobody says Ain't nobody like to be alone[SEP*] Everybody's got a hungry heart Everybody's got a hungry heart Lay down your money and you play your part Everybody's got a h-h-hungry heart",1980,0.056,0.85,0.093,0.7326
Karma Man,David Bowie,"Fingertip sun at sideshow stalls They throw the balls At coconut fur that hides behind Colored shades that blind your eyes Every child's mother holds an ice-cream cone They circle round Perceived unknown by an eye that peers From a hole in the tent where no one goes A figure sitting cross-legged on the floor He's clogged and clothed in saffron robes His beads are all he owns [SEP*] Slow down Slow down Someone must have said, ""Let's slow him down"" Slow down Slow down It's pictured on the arms of the karma man [SEP*] Fairy tale skin Depicting scenes from human zoos Impermanent toys like peace and war A gentle face you've seen before Karma man tattooed on your side The wheel of life I see my times and who I've been I only live now and I don't know why I struggle hard to take these pictures in But All my friends can see it's just the pinkness of his skin [SEP*] Slow down Slow down Someone must have said, ""Let's slow him down"" Slow down Slow down It's pictured on the arms of the karma man [SEP*] Slow down Slow down Someone must have said, ""Let's slow him down"" Slow down Slow down It's pictured on the arms of the karma man",1970,0.039,0.906,0.054,0.6287
Heaven's in Here,David Bowie,"Baby, I dream between the blade and the tongue Of the rose on your cheek the wounded and dumb We stumble and fall we stumble and fall Skin on skin but there's heaven in[SEP*] Heaven's in here Heaven's in here Among the twilight and stars Like a rocket to Mars Heaven in here[SEP*] The first and the last are telling it all Telling you loud but selling it small I'm taking a swing at this shadow of mine Crucifix hangs and my heart's in my mouth but it's here[SEP*] Heaven's in here Heaven's in here Among the twilight and stars Like a rocket to Mars Heaven in here[SEP*] Heaven in one sigh, heaven in two eyes Heaven lies between your marbled thighs The rustle of your falling gown We stumble and fall like tragedy falls[SEP*] We stumble and twirl there's heaven in here We stumble and fall uncertain we fall Flesh on flesh but there's heaven in Heaven's in here[SEP*] Heaven's in here Heaven's in here Among the twilight and stars Like a rocket to Mars Heaven in here[SEP*] You'll dance to my tongue We'll dance on the sun We're the twilight and stars There's heaven in here",1992,0.067,0.691,0.242,0.993
Under the God,David Bowie,"Skin dance back-a-the condo Skin heads getting to school Beating on blacks with a baseball bat Racism back in rule[SEP*] White trash picking up Nazi flags While you was gone, there was war This is the west, get used to it They put a Swastika over the door[SEP*] Under the God, under the God One step over the red line Under the God, under the God Ten steps into the crazy, crazy[SEP*] Washington heads in the toilet bowl Don't see supremacist hate Right wing dicks in their boiler suits Picking out who to annihilate[SEP*] Toxic jungle of Uzi trails Tribesmen just wouldn't live here Fascist flare is fashion cool Well, you're dead, you just ain't buried yet[SEP*] Under the God, under the God Under the God, under the God[SEP*] As the walls came tumbling down So, the secrets that we shared I believed you by the palace gates Now the savage days are here[SEP*] Under the God Under the God, under the God One step over the red line Under the God, under the God One step into the crazy, crazy[SEP*] Crazy eyed man with a shot gun Hot headed creep with a knife Love and peace and harmony Love you could cut with a knife[SEP*] Under the God, under the God Under the God, under the God[SEP*]",1989,0.133,0.636,0.232,0.9631
Black Tie White Noise,David Bowie,"Getting my facts from a Benetton ad Looking through African eyes Lit by the glare of an L.A. fire (Black tie, white noise) [SEP*] I've got a face, not just my race, bang bang I've got you, babe Putting on the black tie Cranking out the white noise [SEP*] Sun comes up and the man goes down Woman comes again Just an hour or so to be safe from fear (Black tie, white noise) [SEP*] Then we jump through hoops We're divisible now Just disappear Putting on the black tie Cranking out the white noise [SEP*] We reach out over race and hold each other's hands Then die in the flames singing: ""We shall overcome"" [SEP*] What's going on? There'll be some blood, no doubt about it But we'll come through, don't doubt it [SEP*] I look into your eyes and I know I won't kill you I look into your eyes and I know you won't kill me [SEP*] You won't kill me You won't kill me, no But I look into your eyes and I wonder sometimes [SEP*] Putting on the black tie Cranking out the white noise Oh Lord, just let him see me Lord, Lordy, let him hear me [SEP*] Let him call me brother Let him put his arms around me Let him put his hands together [SEP*] Reach out over race and hold each other's hands Walk through the night thinking: ""We are the world"" [SEP*] What's going on? There will be some blood, no doubt about it We shall come through, don't doubt it [SEP*] I look into your eyes and I know I won't kill you And I turn my back for I know you won't kill me [SEP*] You won't kill me You won't kill me, no But I wonder why Yes, I wonder why sometimes [SEP*] Putting on the black tie Cranking out the white noise They'll show us how to break the rules [SEP*] But never how to make the rules Reduce us down to witless punks (Black tie, white noise) [SEP*] Fascist cries, both black and white Who's got the blood? Who's got the gun? [SEP*] Putting on the black tie Cranking out the white noise Cranking out Cranking out Cranking out, white noise [SEP*] (Black tie, white noise) Cranking out Cranking out Putting on the black tie [SEP*] Cranking out the white noise Cranking out Cranking out Cranking out, white noise [SEP*] (Black tie, white noise) Cranking out Cranking out Putting on the black tie",1993,0.091,0.797,0.111,0.9509
Lonesome Day,Bruce Springsteen,"Baby, once I thought I knew Everything I needed to know about you Your sweet whisper, your tender touch But I didn't really know that much Joke's on me, it's gonna be okay If I can just get through this lonesome day Lonesome day[SEP*] Hell's brewing, dark sun's on the rise This storm will blow through by and by House is on fire, viper's in the grass A little revenge and this too shall pass This too shall pass, darling, yeah I'm gonna pray Right now, all I got's this lonesome day Lonesome day[SEP*] Better ask questions before you shoot Deceit and betrayal's bitter fruit It's hard to swallow, come time to pay That taste on your tongue don't easily slip away Let kingdom come, I'm gonna find my way Yeah, through this lonesome day Lonesome day Lonesome day Lonesome day[SEP*]",2002,0.279,0.602,0.119,-0.9827
Dress Me Up As A Robber,Paul McCartney,"Well you can dress me up as a robber But I won't be in disguise Only love is a robber And he lives within your eyes [SEP*] Ooh, ooh eee ooh You can dress me up as a sailor But I'll never run to sea As long as your love is available to me [SEP*] What do I do with a sea of blue? Ooh, eee ooh Pa pa, pa pa, pa-ra-ra [SEP*] It doesn't make a difference What you want to do Whichever way you look at it I'm still in love with you [SEP*] If we go on forever I may never make a change And if I don't convince you You needn't look too far [SEP*] To see that I'm not lying 'Cause I love you the way you are And what's the point of changing When I'm happy as I am? [SEP*] Well you can dress me up as a soldier But I wouldn't know what for I was the one that told you he loved you Don't wanna go to another war [SEP*]",1982,0.073,0.701,0.226,0.9869
Standing in the Doorway,Bob Dylan,"I'm walkin' through the summer nights The jukebox playing low Yesterday everything was goin' too fast Today it's movin' too slow[SEP*] I got no place left to turn I got nothin' left to burn Don't know if I saw you if I would kiss you or kill you It probably wouldn't matter to you anyhow[SEP*] You left me standing in the doorway cryin' I got nothin' to go back to now The light in this place is so bad Makin' me sick in the head[SEP*] All the laughter is just makin' me sad The stars have turned cherry red I'm strummin' on my gay guitar Smokin' a cheap cigar[SEP*] The ghost of our old love has not gone away Don't look it like it will anytime soon You left me standin' in the doorway cryin' Under the midnight moon[SEP*] Maybe they'll get me and maybe they won't But not tonight and it won't be here There are things I could say, but I don't I know the mercy of God must be near[SEP*] I been ridin a midnight train Got ice water in my veins I would be crazy if I took you back It would go up against every rule[SEP*] You left me standin' in the doorway cryin' Sufferin' like a fool[SEP*] When the last rays of daylight go down Buddy, you're old no more[SEP*] I can hear the church bells ringin' in the yard I wonder who they're ringin' for? I know I can't win But my heart just won't give in[SEP*] Last night I danced with a stranger But she just reminded me you were the one You left me standin' in the doorway cryin' In the dark land of the sun[SEP*] I eat when I'm hungry, drink when I'm dry And live my life on the square And even if the flesh falls off of my face I know someone will be there to care[SEP*] It always means so much Even the softest touch I see nothing to be gained by any explanation There's no words that need to be said[SEP*] You left me standin' in the doorway cryin' Blues wrapped around my head",1997,0.114,0.846,0.041,-0.9719
Baby Loves That Way,David Bowie,"Baby likes to go outside, so I let her Wants to fool with other guys, so I let her Wants to be bad, I let her be bad Her fooling around always makes me sad She fools around with other boys Treats me like an unwanted toy Baby loves that way Baby loves that way Baby loves that way Baby loves that way [SEP*] Baby likes to go outside, so I let her Wants to fool with other guys, so I let her Wants to be bad, so I let her be bad Her fooling around always makes me sad She fools around with other boys Treats me like an unwanted toy Baby loves that way Baby loves that way Baby loves that way Baby loves that way [SEP*] Baby loves that way Baby loves that way Baby loves that way Baby loves that way [SEP*] You alright? Alright, here we going",1991,0.197,0.525,0.279,0.9607
Driftin' Too Far From Shore,Bob Dylan,"I didn't know that you'd be leavin' Or who you thought you were talkin' to I figure maybe we're even Or maybe I'm one up on you[SEP*] I send you all my money Just like I did before I tried to reach you, honey But you're driftin' too far from shore[SEP*] Driftin' too far from shore Driftin' too far from shore Driftin' too far from shore Driftin' too far from shore[SEP*] I ain't gonna get lost in this current I don't like playing cat and mouse No gentleman likes making love to a servant Especially when he's in his father's house[SEP*] I never could guess your weight, baby Never needed to call you my whore I always thought you were straight, baby But you're driftin' too far from shore[SEP*] Driftin' too far from shore Driftin' too far from shore Driftin' too far from shore (Driftin' too far from shore)[SEP*] Well these times and these tunnels are haunted The bottom of the barrel is too I waited years sometimes for what I wanted Everybody can't be as lucky as you[SEP*] Never no more do I wonder Why you don't never play with me any more At any moment you could go under 'Cause you're driftin' too far from shore[SEP*] Driftin' too far from shore Driftin' too far from shore Driftin' too far from shore (Driftin' too far from shore)[SEP*] You and me we had completeness I give you all of what I could provide We weren't on the wrong side, sweetness We were the wrong side[SEP*] I've already ripped out the phones, honey You can't walk the streets in a war I can finish this alone, honey You're driftin' too far from shore",1986,0.084,0.792,0.124,0.8565
Rebel Rebel,David Bowie,"You've got your mother in a whirl She's not sure if you're a boy or a girl Hey babe, your hair's alright Hey babe, let's go out tonight[SEP*] You like me, and I like it all We like dancing and we look divine You love bands when they're playing hard You want more and you want it fast[SEP*] They put you down, they say I'm wrong You tacky thing, you put them on Rebel rebel, you've torn your dress Rebel rebel, your face is a mess Rebel rebel, how could they know? Hot tramp, I love you so! Don't ya?[SEP*] Doo doo doo-doo doo doo doo doo[SEP*] You've got your mother in a whirl 'cause she's Not sure if you're a boy or a girl Hey babe, your hair's alright Hey babe, let's stay out tonight[SEP*] You like me, and I like it all We like dancing and we look divine You love bands when they're playing hard You want more and you want it fast[SEP*] They put you down, they say I'm wrong You tacky thing, you put them on Rebel rebel, you've torn your dress Rebel rebel, your face is a mess Rebel rebel, how could they know? Hot tramp, I love you so! Don't ya?[SEP*] Oh? Doo doo doo-doo doo doo doo doo Doo doo doo-doo doo doo doo doo[SEP*] Rebel rebel, you've torn your dress Rebel rebel, your face is a mess Rebel rebel, how could they know? Hot tramp, I love you so![SEP*] You've torn your dress, your face is a mess You can't get enough, but enough ain't the test You've got your transmission and your live wire You got your cue line and a handful of ludes[SEP*] You wanna be there when they count up the dudes And I love your dress You're a juvenile success Because your face is a mess[SEP*] So how could they know? I said, how could they know? So what you wanna know Calamity's child, chi-chi, chi-chi[SEP*] Where'd you wanna go? What can I do for you? Looks like you've been there too 'Cause you've torn your dress And your face is a mess Ooh, your face is a mess Ooh, ooh, so how could they know? Eh, eh, how could they know? Eh, eh",1974,0.147,0.723,0.129,0.9067
